candidate,case,loss,q_rmse_rad,qd_rmse_rad_s,omega_rmse_rad_s,admissible
current_hybrid_1ms,steer_pulse,0.175461396980974,0.024746984243392944,0.675868809223175,0.0045181850960729145,True
current_hybrid_1ms,rear_pulse,0.16294690226905958,0.14973242580890656,4.054473400115967,0.06050818933240997,True
current_hybrid_1ms,hip_pulse,0.0001625339139108207,0.0005143170128576458,0.015635628253221512,0.009732851259103309,True
current_hybrid_1ms,knee_pulse,4.4348826199765744e-05,0.00040210288716480136,0.01033083163201809,0.0014016321047461387,True
source_hybrid_1ms,steer_pulse,0.4964723853871289,0.002830482553690672,1.4079526662826538,0.00941283399669765,False
source_hybrid_1ms,rear_pulse,0.15403174054260427,0.006410480011254549,4.611441612243652,0.0691611802723459,False
source_hybrid_1ms,hip_pulse,0.0001625339139108207,0.0005143170128576458,0.015635628253221512,0.009732851259103309,True
source_hybrid_1ms,knee_pulse,4.4348826199765744e-05,0.00040210288716480136,0.01033083163201809,0.0014016321047461387,True
source_hybrid_2ms,steer_pulse,0.498910623632616,0.0028670080937445164,1.4113818407058716,0.00943577715075477,False
source_hybrid_2ms,rear_pulse,0.15403160153311096,0.006410593166947365,4.611441612243652,0.06915992053314715,False
source_hybrid_2ms,hip_pulse,0.0004153763224827513,0.0010474014561623335,0.02383958175778389,0.014854821316987123,False
source_hybrid_2ms,knee_pulse,0.0001758064284704038,0.0008107154280878603,0.020425375550985336,0.0027564449099762183,False
source_hybrid_5ms,steer_pulse,0.50596261998139,0.002975151874125004,1.4212490320205688,0.00950178818595813,False
source_hybrid_5ms,rear_pulse,0.15403097676491703,0.006410646252334118,4.6114420890808105,0.0691563764266144,False
source_hybrid_5ms,hip_pulse,0.005203403989111011,0.0025030269753187895,0.0900343582034111,0.05614992124688677,False
source_hybrid_5ms,knee_pulse,0.001122534562903113,0.002057468518614769,0.051482029259204865,0.006932753726319086,False
source_implicit_1ms,steer_pulse,0.4964723853871289,0.002830482553690672,1.4079526662826538,0.00941283399669765,False
source_implicit_1ms,rear_pulse,0.15403174054260427,0.006410480011254549,4.611441612243652,0.0691611802723459,False
source_implicit_1ms,hip_pulse,2.576526618651286e-05,3.303854100522585e-05,0.006664264481514692,0.004130969464700314,True
source_implicit_1ms,knee_pulse,1.0221246393996611e-07,9.498032341070939e-06,0.0005843170220032334,0.00010490634307158015,True
source_implicit_2ms,steer_pulse,0.498910623632616,0.0028670080937445164,1.4113818407058716,0.00943577715075477,False
source_implicit_2ms,rear_pulse,0.15403160153311096,0.006410593166947365,4.611441612243652,0.06915992053314715,False
source_implicit_2ms,hip_pulse,2.009699004204185e-05,3.4207805583719164e-05,0.005876769777387381,0.0036484173154196476,True
source_implicit_2ms,knee_pulse,1.7049490092227073e-07,1.5776849977555685e-05,0.0007142684189602733,0.00015779315437183399,True
source_implicit_5ms,steer_pulse,0.50596261998139,0.002975151874125004,1.4212490320205688,0.00950178818595813,False
source_implicit_5ms,rear_pulse,0.15403097676491703,0.006410646252334118,4.6114420890808105,0.0691563764266144,False
source_implicit_5ms,hip_pulse,7.78565400203715e-06,4.858173633692786e-05,0.003601735457777977,0.0022566523218520945,True
source_implicit_5ms,knee_pulse,2.070346842965228e-06,3.933490734198131e-05,0.0026108380407094955,0.000510627370166774,True
