time_s,ctrl_0,ctrl_1,ctrl_2,ctrl_3,mjx_q_rearwheel_joint,mjx_q_steering_joint,mjx_q_frontwheel_joint,mjx_q_hip_joint,mjx_q_knee_joint,physx_q_rearwheel_joint,physx_q_steering_joint,physx_q_frontwheel_joint,physx_q_hip_joint,physx_q_knee_joint,mjx_qd_rearwheel_joint,mjx_qd_steering_joint,mjx_qd_frontwheel_joint,mjx_qd_hip_joint,mjx_qd_knee_joint,physx_qd_rearwheel_joint,physx_qd_steering_joint,physx_qd_frontwheel_joint,physx_qd_hip_joint,physx_qd_knee_joint,mjx_omega_body_x,mjx_omega_body_y,mjx_omega_body_z,physx_omega_body_x,physx_omega_body_y,physx_omega_body_z
1.000000000000000021e-02,0.000000000000000000e+00,0.000000000000000000e+00,-8.000000000000000444e-01,1.000000000000000000e+00,-1.879298494600334379e-09,-3.428096001512059843e-11,-1.879297162332704829e-09,-8.000000119209289551e-01,1.000000000000000000e+00,1.022188444999017065e-09,1.864630325143501466e-11,1.022188556021319528e-09,-8.000000119209289551e-01,1.000000000000000000e+00,-3.758596562875027303e-07,-6.856191170356851217e-09,-3.758594289138272870e-07,-5.451925062516238540e-07,1.439291850147128571e-07,1.314319462153434870e-07,2.397519072161458098e-09,1.314319746370529174e-07,1.906449256239284296e-07,-5.032962135942398163e-08,-1.254174986087264188e-09,3.758595426006650086e-07,6.855150225248962670e-09,4.385190544020645120e-10,-1.314319888479076326e-07,-2.397149589938862846e-09
2.000000000000000042e-02,0.000000000000000000e+00,0.000000000000000000e+00,-8.000000000000000444e-01,1.000000000000000000e+00,-3.508032087040646729e-09,-6.399127755463140943e-11,-3.508029422505387629e-09,-8.000000119209289551e-01,1.000000000000000000e+00,2.377856356261531801e-09,4.337577866331265852e-11,2.377858354662976126e-09,-8.000000119209289551e-01,1.000000000000000000e+00,-1.503430979710174142e-07,-2.742465365912494235e-09,-1.503427284887948190e-07,-2.180767211257261806e-07,5.757270926665114530e-08,1.367487101333608734e-07,2.494505269012847748e-09,1.367487385550703038e-07,1.983570143693214050e-07,-5.236559275090257870e-08,-5.016693171988606537e-10,1.503429842841796926e-07,2.742050364545889352e-09,4.562619448922333731e-10,-1.367486959225061582e-07,-2.494123352292376694e-09
2.999999999999999889e-02,0.000000000000000000e+00,0.000000000000000000e+00,-7.000000000000000666e-01,1.000000000000000000e+00,7.416447624564170837e-03,1.359023444820195436e-04,7.416453678160905838e-03,-7.892309427261352539e-01,9.971397519111633301e-01,8.269910700619220734e-03,1.514245668658986688e-04,8.269910700619220734e-03,-7.879922986030578613e-01,9.968128204345703125e-01,9.848321080207824707e-01,1.811815239489078522e-02,9.848331809043884277e-01,1.431410074234008789e+00,-3.822799026966094971e-01,1.020525097846984863e+00,1.875257678329944611e-02,1.020525455474853516e+00,1.482890129089355469e+00,-3.954276144504547119e-01,3.166487906128168106e-03,-9.848323464393615723e-01,-1.813711225986480713e-02,3.282087302987330042e-03,-1.020503212613609767e+00,-1.879202421620498192e-02
4.000000000000000083e-02,0.000000000000000000e+00,0.000000000000000000e+00,-7.000000000000000666e-01,1.000000000000000000e+00,1.709401421248912811e-02,3.147857787553220987e-04,1.709403097629547119e-02,-7.751482725143432617e-01,9.933530688285827637e-01,1.792515628039836884e-02,3.297623479738831520e-04,1.792515628039836884e-02,-7.739446759223937988e-01,9.930381774902343750e-01,9.102585911750793457e-01,1.690477691590785980e-02,9.102600812911987305e-01,1.326220154762268066e+00,-3.590988516807556152e-01,9.016549587249755859e-01,1.672373898327350616e-02,9.016557335853576660e-01,1.313353896141052246e+00,-3.551189899444580078e-01,2.794752828776836395e-03,-9.102588295936584473e-01,-1.695130206644535065e-02,2.770753189449002857e-03,-9.016386815894001927e-01,-1.678679640467115389e-02
5.000000000000000278e-02,0.000000000000000000e+00,0.000000000000000000e+00,-7.000000000000000666e-01,1.000000000000000000e+00,2.547875046730041504e-02,4.711187211796641350e-04,2.547878399491310120e-02,-7.629187107086181641e-01,9.900211691856384277e-01,2.612353675067424774e-02,4.824619973078370094e-04,2.612353675067424774e-02,-7.619894146919250488e-01,9.897832870483398438e-01,7.672398686408996582e-01,1.436081435531377792e-02,7.672415375709533691e-01,1.120292186737060547e+00,-3.071288466453552246e-01,7.558411955833435059e-01,1.412529312074184418e-02,7.558421492576599121e-01,1.103317022323608398e+00,-3.019792437553405762e-01,2.255586907267570496e-03,-7.672401070594787598e-01,-1.442616898566484451e-02,2.228358985345697992e-03,-7.558300748473661956e-01,-1.420143866360026527e-02
5.999999999999999778e-02,0.000000000000000000e+00,0.000000000000000000e+00,-7.000000000000000666e-01,1.000000000000000000e+00,3.250246495008468628e-02,6.029976648278534412e-04,3.250251337885856628e-02,-7.526532411575317383e-01,9.871916770935058594e-01,3.298310562968254089e-02,6.110757822170853615e-04,3.298310562968254089e-02,-7.519662976264953613e-01,9.870252609252929688e-01,6.410257816314697266e-01,1.207293383777141571e-02,6.410274505615234375e-01,9.377962946891784668e-01,-2.599020004272460938e-01,6.321150660514831543e-01,1.188251189887523651e-02,6.321160197257995605e-01,9.244248867034912109e-01,-2.556942999362945557e-01,1.812340226024389267e-03,-6.410259604454040527e-01,-1.215026061981916428e-02,1.795663325516141679e-03,-6.321070860225176391e-01,-1.196698402699942175e-02
7.000000000000000666e-02,0.000000000000000000e+00,0.000000000000000000e+00,-7.000000000000000666e-01,1.000000000000000000e+00,3.836810216307640076e-02,7.137369248084723949e-04,3.836816549301147461e-02,-7.440648078918457031e-01,9.848001003265380859e-01,3.872064873576164246e-02,7.191958138719201088e-04,3.872064873576164246e-02,-7.435691952705383301e-01,9.846906661987304688e-01,5.352917909622192383e-01,1.012950204312801361e-02,5.352934002876281738e-01,7.844452857971191406e-01,-2.194979637861251831e-01,5.288099050521850586e-01,9.984239004552364349e-03,5.288107395172119141e-01,7.746103405952453613e-01,-2.162433862686157227e-01,1.461523701436817646e-03,-5.352919101715087891e-01,-1.021444518119096756e-02,1.454105012224507889e-03,-5.288037697013625582e-01,-1.007126078504475865e-02
8.000000000000000167e-02,0.000000000000000000e+00,0.000000000000000000e+00,-7.000000000000000666e-01,1.000000000000000000e+00,4.326677322387695312e-02,8.066009613685309887e-04,4.326685145497322083e-02,-7.368805408477783203e-01,9.827812314033508301e-01,4.352150484919548035e-02,8.099951082840561867e-04,4.352150484919548035e-02,-7.365301251411437988e-01,9.827165603637695312e-01,4.471129775047302246e-01,8.490128442645072937e-03,4.471144378185272217e-01,6.562333703041076660e-01,-1.852194666862487793e-01,4.425306618213653564e-01,8.380724117159843445e-03,4.425313472747802734e-01,6.491735577583312988e-01,-1.827272176742553711e-01,1.183381886221468449e-03,-4.471130371093750000e-01,-8.579971268773078918e-03,1.183572494220843860e-03,-4.425259446386359263e-01,-8.473987718043026612e-03
8.999999999999999667e-02,0.000000000000000000e+00,0.000000000000000000e+00,-8.000000000000000444e-01,1.000000000000000000e+00,3.990210220217704773e-02,7.415683357976377010e-04,3.990218415856361389e-02,-7.417891621589660645e-01,9.841185808181762695e-01,3.923551365733146667e-02,7.269919151440262794e-04,3.923551365733146667e-02,-7.427919507026672363e-01,9.844398498535156250e-01,-6.042092442512512207e-01,-1.159855350852012634e-02,-6.042092442512512207e-01,-8.823041915893554688e-01,2.417871505022048950e-01,-6.435703039169311523e-01,-1.239158585667610168e-02,-6.435715556144714355e-01,-9.405852556228637695e-01,2.589936852455139160e-01,-1.683959155343472958e-03,6.042088270187377930e-01,1.150050200521945953e-02,-1.765956108574138345e-03,6.435781173619399276e-01,1.228766429333913619e-02
1.000000000000000056e-01,0.000000000000000000e+00,0.000000000000000000e+00,-8.000000000000000444e-01,1.000000000000000000e+00,3.372444212436676025e-02,6.233518361113965511e-04,3.372452408075332642e-02,-7.508038282394409180e-01,9.865791797637939453e-01,3.303204104304313660e-02,6.079102167859673500e-04,3.303204104304313660e-02,-7.518509030342102051e-01,9.869213104248046875e-01,-5.905275940895080566e-01,-1.126896496862173080e-02,-5.905274748802185059e-01,-8.609819412231445312e-01,2.338484674692153931e-01,-5.833857655525207520e-01,-1.117400731891393661e-02,-5.833868384361267090e-01,-8.512085080146789551e-01,2.321637570858001709e-01,-1.704291091300547123e-03,5.905271768569946289e-01,1.116274017840623856e-02,-1.658006764904256533e-03,5.833932156746772790e-01,1.106331150300904342e-02
1.100000000000000006e-01,0.000000000000000000e+00,0.000000000000000000e+00,-8.000000000000000444e-01,1.000000000000000000e+00,2.825350314378738403e-02,5.191754316911101341e-04,2.825358882546424866e-02,-7.587735652923583984e-01,9.887331128120422363e-01,2.770857140421867371e-02,5.061436677351593971e-04,2.770857140421867371e-02,-7.596109509468078613e-01,9.890289306640625000e-01,-5.026884078979492188e-01,-9.552687406539916992e-03,-5.026881098747253418e-01,-7.316295504570007324e-01,1.967020332813262939e-01,-4.921178817749023438e-01,-9.394329041242599487e-03,-4.921187460422515869e-01,-7.168793082237243652e-01,1.936986893415451050e-01,-1.498439465649425983e-03,5.026880502700805664e-01,9.439631365239620209e-03,-1.439976468288029811e-03,4.921241632131482246e-01,9.279504295775207329e-03
1.199999999999999956e-01,0.000000000000000000e+00,0.000000000000000000e+00,-8.000000000000000444e-01,1.000000000000000000e+00,2.363852784037590027e-02,4.316066915635019541e-04,2.363861724734306335e-02,-7.654848098754882812e-01,9.905287623405456543e-01,2.323038503527641296e-02,4.207558231428265572e-04,2.323038503527641296e-02,-7.661302685737609863e-01,9.907817840576171875e-01,-4.223368465900421143e-01,-8.002877235412597656e-03,-4.223363399505615234e-01,-6.136462688446044922e-01,1.633517295122146606e-01,-4.135603904724121094e-01,-7.879444397985935211e-03,-4.135610759258270264e-01,-6.015402078628540039e-01,1.611103266477584839e-01,-1.294075860641896725e-03,4.223364591598510742e-01,7.884616963565349579e-03,-1.238627085309321847e-03,4.135655537015262007e-01,7.759137295728072391e-03
