time_s,q_rearwheel_joint_rad,q_steering_joint_rad,q_hip_joint_rad,q_frontwheel_joint_rad,q_knee_joint_rad,qd_rearwheel_joint_rad_s,qd_steering_joint_rad_s,qd_hip_joint_rad_s,qd_frontwheel_joint_rad_s,qd_knee_joint_rad_s,base_x_m,base_y_m,base_z_m,quat_w,quat_x,quat_y,quat_z,measured_joint_effort_rearwheel_joint_Nm,measured_joint_effort_steering_joint_Nm,measured_joint_effort_hip_joint_Nm,measured_joint_effort_frontwheel_joint_Nm,measured_joint_effort_knee_joint_Nm,ctrl_steering_joint,ctrl_rearwheel_joint,ctrl_hip_joint,ctrl_knee_joint
5.000000000000000104e-03,6.219422817230224609e-02,1.229643542319536209e-02,-1.201378226280212402e+00,-7.023440557532012463e-04,2.500000000000000000e+00,1.266599273681640625e+01,2.930305480957031250e+00,-5.094270110130310059e-01,-2.855102717876434326e-01,-8.636354777991073206e-07,1.509997725486755371e+00,4.176981747150421143e-07,1.498026847839355469e-01,1.000000119209289551e+00,8.493661880493164062e-07,3.512054681777954102e-04,-1.201778650283813477e-05,1.078861355781555176e+00,9.398585557937622070e-02,-2.657133579254150391e+00,6.334073532343609259e-07,-1.258615374565124512e+00,3.963790237903595109e-02,1.268126879632472992e+01,-1.243704903125762984e+00,2.500000000000000000e+00
1.000000000000000021e-02,1.255680471658706665e-01,2.425132691860198975e-02,-1.204362511634826660e+00,-2.401722595095634460e-03,2.500000000000000000e+00,1.267961692810058594e+01,1.875772237777709961e+00,-6.353834867477416992e-01,-3.638629913330078125e-01,-2.035931458976847352e-07,1.519957900047302246e+00,1.651525963097810745e-06,1.494170129299163818e-01,9.999994635581970215e-01,3.859400749206542969e-06,1.201108098030090332e-03,-1.783668994903564453e-05,7.667860481888055801e-03,-3.375387564301490784e-02,-4.958451986312866211e-01,-5.357305781217291951e-06,-2.164012193679809570e-01,3.963790237903595109e-02,1.268126879632472992e+01,-1.243704903125762984e+00,2.500000000000000000e+00
1.499999999999999944e-02,1.889766752719879150e-01,3.124828636646270752e-02,-1.207534074783325195e+00,-4.218075890094041824e-03,2.499998092651367188e+00,1.268284416198730469e+01,1.044418573379516602e+00,-6.241866350173950195e-01,-3.572522997856140137e-01,-1.291209599003195763e-03,1.529913663864135742e+00,3.031862433999776840e-06,1.487927734851837158e-01,9.999979734420776367e-01,7.510185241699218750e-06,2.109780907630920410e-03,-1.662969589233398438e-05,-2.740875643212348223e-04,-2.663494087755680084e-02,4.070870578289031982e-02,-3.218432311768992804e-06,2.781353425234556198e-03,3.963790237903595109e-02,1.268126879632472992e+01,-1.243704903125762984e+00,2.500000000000000000e+00
2.000000000000000042e-02,2.523929774761199951e-01,3.508935496211051941e-02,-1.210546731948852539e+00,-5.939883645623922348e-03,2.499982118606567383e+00,1.268346881866455078e+01,5.684512853622436523e-01,-5.819542407989501953e-01,-3.320236802101135254e-01,-4.512443672865629196e-03,1.539872884750366211e+00,4.423898644745349884e-06,1.479164510965347290e-01,9.999958276748657227e-01,1.122057437896728516e-05,2.971276640892028809e-03,-1.162290573120117188e-05,-2.045091008767485619e-03,-1.525712851434946060e-02,1.595994830131530762e-01,-1.396381207996455487e-06,2.014951035380363464e-02,3.963790237903595109e-02,1.268126879632472992e+01,-1.243704903125762984e+00,2.500000000000000000e+00
2.500000000000000139e-02,3.059416413307189941e-01,9.917585551738739014e-02,-1.213194489479064941e+00,-7.472811732441186905e-03,2.499927520751953125e+00,1.067443752288818359e+01,1.508190917968750000e+01,-4.807379245758056641e-01,-2.771330773830413818e-01,-1.343591976910829544e-02,1.549834609031677246e+00,4.078785423189401627e-06,1.467774808406829834e-01,9.999931454658508301e-01,9.104609489440917969e-06,3.738269209861755371e-03,-8.898973464965820312e-05,-1.719287782907485962e-01,4.649215638637542725e-01,4.832393825054168701e-01,7.406355871353298426e-05,6.973053514957427979e-02,2.394246578216552845e-01,1.067051088809967041e+01,-1.238941949605941728e+00,2.500000000000000000e+00
2.999999999999999889e-02,3.593086302280426025e-01,1.605653613805770874e-01,-1.215430378913879395e+00,-8.745685219764709473e-03,2.499856948852539062e+00,1.067283248901367188e+01,9.619909286499023438e+00,-4.226202070713043213e-01,-2.392694354057312012e-01,-1.392842363566160202e-02,1.559805512428283691e+00,3.543682396411895752e-06,1.453768312931060791e-01,9.999905228614807129e-01,6.705522537231445312e-06,4.380032420158386230e-03,-1.640617847442626953e-04,-3.132662968710064888e-03,-1.749912351369857788e-01,2.286627143621444702e-01,-1.114290353143587708e-04,9.553097188472747803e-02,2.394246578216552845e-01,1.067051088809967041e+01,-1.238941949605941728e+00,2.500000000000000000e+00
3.500000000000000333e-02,4.126713275909423828e-01,1.964335739612579346e-01,-1.217433333396911621e+00,-9.864046238362789154e-03,2.499790430068969727e+00,1.067234897613525391e+01,5.352356910705566406e+00,-3.828142583370208740e-01,-2.124218642711639404e-01,-1.253303699195384979e-02,1.569781899452209473e+00,3.633846063166856766e-06,1.437233835458755493e-01,9.999878406524658203e-01,6.377696990966796875e-06,4.948541522026062012e-03,-2.052485942840576172e-04,-2.144313184544444084e-03,-1.367240548133850098e-01,1.596745401620864868e-01,-5.263209459371864796e-05,9.796130657196044922e-02,2.394246578216552845e-01,1.067051088809967041e+01,-1.238941949605941728e+00,2.500000000000000000e+00
4.000000000000000083e-02,4.660324156284332275e-01,2.161155790090560913e-01,-1.219256758689880371e+00,-1.086352020502090454e-02,2.499732255935668945e+00,1.067212772369384766e+01,2.912546157836914062e+00,-3.494822978973388672e-01,-1.902648657560348511e-01,-1.070077251642942429e-02,1.579763054847717285e+00,3.960856702178716660e-06,1.418193280696868896e-01,9.999851584434509277e-01,7.078051567077636719e-06,5.459666252136230469e-03,-2.258419990539550781e-04,-1.799638615921139717e-03,-7.817023992538452148e-02,1.346678137779235840e-01,-2.193061664002016187e-05,9.398989379405975342e-02,2.394246578216552845e-01,1.067051088809967041e+01,-1.238941949605941728e+00,2.500000000000000000e+00
4.499999999999999833e-02,5.225639939308166504e-01,2.040901035070419312e-01,-1.220947742462158203e+00,-1.176525466144084930e-02,2.499689579010009766e+00,1.131741905212402344e+01,-3.832611322402954102e+00,-3.312177956104278564e-01,-1.755945980548858643e-01,-7.221422158181667328e-03,1.589749574661254883e+00,5.163368768990039825e-06,1.396673321723937988e-01,9.999824762344360352e-01,1.049041748046875000e-05,5.922973155975341797e-03,-2.041384577751159668e-04,5.257106572389602661e-02,-2.160931378602981567e-01,4.558181762695312500e-02,-4.051707219332456589e-05,8.045847713947296143e-02,1.662479639053344727e-01,1.131637273728847504e+01,-1.239987981319427446e+00,2.500000000000000000e+00
5.000000000000000278e-02,5.791519284248352051e-01,1.878068000078201294e-01,-1.222543120384216309e+00,-1.260837074369192123e-02,2.499657630920410156e+00,1.131765365600585938e+01,-2.607380390167236328e+00,-3.076418340206146240e-01,-1.614571213722229004e-01,-5.647362209856510162e-03,1.599738478660583496e+00,6.343063432723283768e-06,1.372680664062500000e-01,9.999799728393554688e-01,1.397728919982910156e-05,6.354436278343200684e-03,-1.770704984664916992e-04,-1.249226625077426434e-03,3.924483805894851685e-02,9.517405927181243896e-02,1.317916030529886484e-06,7.108633220195770264e-02,1.662479639053344727e-01,1.131637273728847504e+01,-1.239987981319427446e+00,2.500000000000000000e+00
5.500000000000000028e-02,6.357401013374328613e-01,1.780280768871307373e-01,-1.224014520645141602e+00,-1.337603479623794556e-02,2.499632596969604492e+00,1.131762409210205078e+01,-1.464300036430358887e+00,-2.827122807502746582e-01,-1.462514847517013550e-01,-4.451754037290811539e-03,1.609730720520019531e+00,7.336260750889778137e-06,1.346201002597808838e-01,9.999773502349853516e-01,1.686811447143554688e-05,6.746232509613037109e-03,-1.588240265846252441e-04,-1.330998609773814678e-03,3.661319985985755920e-02,9.997633844614028931e-02,2.940778358606621623e-06,6.589220464229583740e-02,1.662479639053344727e-01,1.131637273728847504e+01,-1.239987981319427446e+00,2.500000000000000000e+00
5.999999999999999778e-02,6.923282146453857422e-01,1.726380139589309692e-01,-1.225364446640014648e+00,-1.406845357269048691e-02,2.499612808227539062e+00,1.131753540039062500e+01,-7.981284856796264648e-01,-2.590952515602111816e-01,-1.316257715225219727e-01,-3.367237281054258347e-03,1.619725942611694336e+00,8.173985406756401062e-06,1.317232251167297363e-01,9.999749064445495605e-01,1.925230026245117188e-05,7.099226117134094238e-03,-1.467764377593994141e-04,-1.264642691239714622e-03,2.133551053702831268e-02,9.477433562278747559e-02,1.820744728320278227e-06,6.127473711967468262e-02,1.662479639053344727e-01,1.131637273728847504e+01,-1.239987981319427446e+00,2.500000000000000000e+00
6.500000000000000222e-02,7.549422979354858398e-01,1.506586968898773193e-01,-1.226674079895019531e+00,-1.471484731882810593e-02,2.499612331390380859e+00,1.254420471191406250e+01,-4.972248554229736328e+00,-2.675566077232360840e-01,-1.321794241666793823e-01,1.320415176451206207e-03,1.629725575447082520e+00,9.415496606379747391e-06,1.285820603370666504e-01,9.999724626541137695e-01,2.288818359375000000e-05,7.428824901580810547e-03,-1.130849123001098633e-04,1.022288799285888672e-01,-1.337222605943679810e-01,-8.855396509170532227e-02,-1.427985262125730515e-05,3.947035595774650574e-02,1.048601508140564048e-01,1.254412409663200378e+01,-1.242650058865547136e+00,2.500000000000000000e+00
7.000000000000000666e-02,8.176658749580383301e-01,1.305561810731887817e-01,-1.227986216545104980e+00,-1.536221429705619812e-02,2.499619960784912109e+00,1.254497146606445312e+01,-3.138989686965942383e+00,-2.556929290294647217e-01,-1.253020167350769043e-01,1.734677702188491821e-03,1.639725565910339355e+00,1.061754301190376282e-05,1.251967847347259521e-01,9.999700784683227539e-01,2.638995647430419922e-05,7.757514715194702148e-03,-8.182227611541748047e-05,-5.644700140692293644e-04,5.872734636068344116e-02,4.697635769844055176e-02,2.574815880507230759e-07,2.859991230070590973e-02,1.048601508140564048e-01,1.254412409663200378e+01,-1.242650058865547136e+00,2.500000000000000000e+00
7.499999999999999722e-02,8.803909420967102051e-01,1.188637539744377136e-01,-1.229214906692504883e+00,-1.595977507531642914e-02,2.499627590179443359e+00,1.254509353637695312e+01,-1.743767261505126953e+00,-2.367423921823501587e-01,-1.139785945415496826e-01,1.492218347266316414e-03,1.649727582931518555e+00,1.159124076366424561e-05,1.215634047985076904e-01,9.999676942825317383e-01,2.914667129516601562e-05,8.060231804847717285e-03,-6.177276372909545898e-05,-9.671764564700424671e-04,4.469311609864234924e-02,7.406699657440185547e-02,1.288401108467951417e-06,2.806505747139453888e-02,1.048601508140564048e-01,1.254412409663200378e+01,-1.242650058865547136e+00,2.500000000000000000e+00
8.000000000000000167e-02,9.445010423660278320e-01,1.154327616095542908e-01,-1.213329672813415527e+00,1.817120909690856934e-01,2.500000238418579102e+00,1.246021652221679688e+01,-4.923912286758422852e-01,2.185770988464355469e+00,3.946761703491210938e+01,9.629870764911174774e-03,1.661318898200988770e+00,8.059372194111347198e-04,1.192510128021240234e-01,9.999974966049194336e-01,1.574814319610595703e-03,-9.644031524658203125e-04,1.409918069839477539e-03,-2.967326641082763672e-01,1.090008020401000977e-01,-2.032495880126953125e+01,-1.627553254365921021e-03,-8.928074645996093750e+01,1.048601508140564048e-01,1.254412409663200378e+01,-1.242650058865547136e+00,2.500000000000000000e+00
8.500000000000000611e-02,1.080361723899841309e+00,1.039232760667800903e-01,-1.223726272583007812e+00,3.168336451053619385e-01,2.500000238418579102e+00,2.849339675903320312e+01,1.855970382690429688e+01,-1.070509195327758789e+00,2.804893112182617188e+01,-2.124205380678176880e-01,1.671058058738708496e+00,1.153180608525872231e-03,1.193946674466133118e-01,9.999920129776000977e-01,2.276524901390075684e-03,6.337463855743408203e-05,3.305286169052124023e-03,-6.001005649566650391e+00,-3.847721815109252930e+00,9.185801506042480469e+00,-1.540362834930419922e-03,-5.662966918945312500e+01,-4.214789867401123047e-01,1.189104893803596497e+01,-1.260060644149780362e+00,2.500000000000000000e+00
8.999999999999999667e-02,1.143155694007873535e+00,-3.721549734473228455e-02,-1.228708028793334961e+00,4.569219946861267090e-01,2.498851060867309570e+00,1.190943336486816406e+01,-3.977198410034179688e+01,-7.626656889915466309e-01,2.816602134704589844e+01,-2.158721536397933960e-01,1.680742502212524414e+00,1.483918516896665096e-03,1.197116598486900330e-01,9.999806880950927734e-01,2.946242690086364746e-03,-4.905462265014648438e-04,5.463182926177978516e-03,-1.777996659278869629e+00,-1.866700291633605957e+00,2.619813203811645508e+00,-2.604916691780090332e-02,1.449673295021057129e+00,-4.214789867401123047e-01,1.189104893803596497e+01,-1.260060644149780362e+00,2.500000000000000000e+00
9.500000000000000111e-02,1.202668070793151855e+00,-2.036685347557067871e-01,-1.231898427009582520e+00,5.978994369506835938e-01,2.497889518737792969e+00,1.189852333068847656e+01,-2.643000030517578125e+01,-5.633258819580078125e-01,2.825112724304199219e+01,-1.666816025972366333e-01,1.690473198890686035e+00,1.800519414246082306e-03,1.197465360164642334e-01,9.999631047248840332e-01,3.566324710845947266e-03,-1.629441976547241211e-03,7.647171616554260254e-03,-1.258437521755695343e-02,4.292406439781188965e-01,8.588107824325561523e-01,5.690804123878479004e-02,1.320963740348815918e+00,-4.214789867401123047e-01,1.189104893803596497e+01,-1.260060644149780362e+00,2.500000000000000000e+00
1.000000000000000056e-01,1.283680558204650879e+00,-3.026317954063415527e-01,-1.235487341880798340e+00,7.379525303840637207e-01,2.497125625610351562e+00,6.219627380371093750e+00,-1.481398963928222656e+01,-3.282672166824340820e-01,2.830547714233398438e+01,-1.524519324302673340e-01,1.700037479400634766e+00,2.131311455741524696e-03,1.195872351527214050e-01,9.999413490295410156e-01,4.195094108581542969e-03,-2.411112189292907715e-03,9.699240326881408691e-03,-7.539654374122619629e-01,3.747514188289642334e-01,1.643745660781860352e+00,2.244545519351959229e-02,1.171692252159118652e+00,-4.214789867401123047e-01,1.189104893803596497e+01,-1.260060644149780362e+00,2.500000000000000000e+00
1.049999999999999961e-01,1.397271037101745605e+00,-3.179257512092590332e-01,-1.244567632675170898e+00,8.716362118721008301e-01,2.496621608734130859e+00,2.116984939575195312e+01,1.347362399101257324e+00,-1.907509207725524902e+00,2.623163986206054688e+01,-1.864470392465591431e-01,1.708573460578918457e+00,2.524703042581677437e-03,1.195303052663803101e-01,9.999215006828308105e-01,4.940241575241088867e-03,3.570318222045898438e-05,1.152330636978149414e-02,-5.996350288391113281e+00,5.155197381973266602e-01,7.351545810699462891e+00,1.246616244316101074e-03,9.394977092742919922e-01,-2.953036546707153431e-01,8.886325478553771973e+00,-1.274564790725708052e+00,2.500000000000000000e+00
1.100000000000000006e-01,1.443676352500915527e+00,-3.177475333213806152e-01,-1.249738454818725586e+00,9.804854989051818848e-01,2.497700214385986328e+00,9.072082519531250000e+00,-4.481554508209228516e+00,8.239495754241943359e-02,2.821075630187988281e+01,1.254997134208679199e+00,1.716550230979919434e+00,1.437442493624985218e-03,1.196067035198211670e-01,9.999426007270812988e-01,2.861663699150085449e-03,1.992300152778625488e-03,1.014064252376556396e-02,-1.180441379547119141e+00,2.170403003692626953e-01,3.657166957855224609e+00,2.090299129486083984e-02,-9.817936420440673828e-01,-2.953036546707153431e-01,8.886325478553771973e+00,-1.274564790725708052e+00,2.500000000000000000e+00
1.150000000000000050e-01,1.487908720970153809e+00,-3.157673478126525879e-01,-1.249457240104675293e+00,1.120262503623962402e+00,2.500000238418579102e+00,8.859939575195312500e+00,1.867389559745788574e+00,-7.473204284906387329e-02,2.772245407104492188e+01,-6.437885076593374833e-06,1.724758028984069824e+00,-2.417068462818861008e-04,1.200501173734664917e-01,9.999701380729675293e-01,-3.716051578521728516e-04,1.281157135963439941e-03,7.617875933647155762e-03,2.747603878378868103e-02,1.954832375049591064e-01,-2.638797998428344727e+00,-9.763538837432861328e-04,-2.335689926147460938e+01,-2.953036546707153431e-01,8.886325478553771973e+00,-1.274564790725708052e+00,2.500000000000000000e+00
1.199999999999999956e-01,1.532274603843688965e+00,-3.068153858184814453e-01,-1.250638961791992188e+00,1.258347630500793457e+00,2.500000000000000000e+00,8.880699157714843750e+00,1.403462409973144531e+00,-3.259036540985107422e-01,2.756387519836425781e+01,-2.398959395577549003e-07,1.732863783836364746e+00,-1.909577287733554840e-03,1.200208663940429688e-01,9.999796152114868164e-01,-3.582283854484558105e-03,1.427710056304931641e-03,5.117051303386688232e-03,1.464344002306461334e-02,-2.514974772930145264e-02,-1.037407875061035156e+00,1.938370987772941589e-04,-2.917513847351074219e-01,-2.953036546707153431e-01,8.886325478553771973e+00,-1.274564790725708052e+00,2.500000000000000000e+00
1.250000000000000000e-01,1.580993652343750000e+00,-1.423875987529754639e-01,-1.251257419586181641e+00,1.396719574928283691e+00,2.499906301498413086e+00,9.751161575317382812e+00,3.859937667846679688e+01,-2.700926363468170166e-02,2.773065185546875000e+01,-2.362043783068656921e-02,1.740977883338928223e+00,-3.582091070711612701e-03,1.197218447923660278e-01,9.999731779098510742e-01,-6.801828742027282715e-03,1.403525471687316895e-03,2.404026687145233154e-03,5.739210546016693115e-02,1.180300474166870117e+00,1.068250298500061035e+00,-7.185637950897216797e-03,1.210712492465972900e-01,2.163431167602539174e-01,9.744792222976684570e+00,-1.247860771417617753e+00,2.500000000000000000e+00
1.300000000000000044e-01,1.629818081855773926e+00,9.015332907438278198e-04,-1.249979972839355469e+00,1.497038841247558594e+00,2.499998092651367188e+00,8.665129661560058594e+00,2.088439178466796875e+01,5.994543433189392090e-01,1.899128150939941406e+01,-2.127047628164291382e-04,1.749340534210205078e+00,-4.446247126907110214e-03,1.191624850034713745e-01,9.999635219573974609e-01,-8.446410298347473145e-03,4.029721021652221680e-04,1.239262521266937256e-03,-1.538403779268264771e-01,-8.859831094741821289e-02,-1.252721309661865234e+00,1.318721294403076172e+00,-4.762618064880371094e+00,2.163431167602539174e-01,9.744792222976684570e+00,-1.247860771417617753e+00,2.500000000000000000e+00
1.350000000000000089e-01,1.741555809974670410e+00,1.031332835555076599e-02,-1.251379609107971191e+00,1.609795570373535156e+00,2.500000000000000000e+00,2.129897880554199219e+01,-1.849037361145019531e+01,9.468561410903930664e-02,1.978742790222167969e+01,-6.280490197241306305e-04,1.757176041603088379e+00,-4.216273315250873566e-03,1.193619817495346069e-01,9.999655485153198242e-01,-8.015245199203491211e-03,4.969686269760131836e-04,2.156384289264678955e-03,-6.011837959289550781e+00,1.185730576515197754e+00,2.658430099487304688e+00,4.111003875732421875e-02,-3.021557044982910156e+01,2.163431167602539174e-01,9.744792222976684570e+00,-1.247860771417617753e+00,2.500000000000000000e+00
1.400000000000000133e-01,1.791252613067626953e+00,5.232160165905952454e-02,-1.251355648040771484e+00,1.708238720893859863e+00,2.499963045120239258e+00,9.746745109558105469e+00,1.615764617919921875e+01,3.285359963774681091e-02,1.970519828796386719e+01,-8.763710968196392059e-03,1.764652609825134277e+00,-4.076877608895301819e-03,1.195488944649696350e-01,9.999410510063171387e-01,-7.724896073341369629e-03,6.083548069000244141e-04,7.618002593517303467e-03,-9.561079740524291992e-01,1.110754132270812988e+00,3.243060111999511719e-01,-4.755556583404541016e-03,4.483848810195922852e-02,2.163431167602539174e-01,9.744792222976684570e+00,-1.247860771417617753e+00,2.500000000000000000e+00
1.449999999999999900e-01,1.863227009773254395e+00,9.734173119068145752e-02,-1.251812934875488281e+00,1.806509256362915039e+00,2.500000238418579102e+00,1.447983264923095703e+01,5.369889736175537109e+00,-1.838010847568511963e-01,1.959421348571777344e+01,-1.024274570227134973e-05,1.772127985954284668e+00,-3.931217826902866364e-03,1.195177435874938965e-01,9.998867511749267578e-01,-7.419854402542114258e-03,8.304268121719360352e-04,1.307756453752517700e-02,4.043955802917480469e-01,-3.448767960071563721e-01,-1.096201896667480469e+00,6.183579564094543457e-03,-3.520077466964721680e-01,1.358122348785400502e-01,1.448656225204467773e+01,-1.267964589595794722e+00,2.500000000000000000e+00
1.499999999999999944e-01,1.935974717140197754e+00,9.860662370920181274e-02,-1.251904606819152832e+00,1.916115760803222656e+00,2.500000476837158203e+00,1.434385299682617188e+01,-2.388475799560546875e+01,4.514566361904144287e-01,1.993456459045410156e+01,-8.513186872005462646e-02,1.779683828353881836e+00,-4.185019060969352722e-03,1.192974448204040527e-01,9.998105764389038086e-01,-7.885709404945373535e-03,7.595866918563842773e-04,1.778024435043334961e-02,-6.518311798572540283e-02,8.761413395404815674e-02,-1.353953957557678223e+00,-1.074928045272827148e-02,-1.104254627227783203e+01,1.358122348785400502e-01,1.448656225204467773e+01,-1.267964589595794722e+00,2.500000000000000000e+00
1.549999999999999989e-01,2.021293401718139648e+00,8.640405535697937012e-02,-1.251116752624511719e+00,2.029666662216186523e+00,2.500001192092895508e+00,4.133079910278320312e+01,2.510777282714843750e+01,-1.248793601989746094e-01,2.114220046997070312e+01,-1.479976922273635864e-01,1.787450551986694336e+00,-4.440724849700927734e-03,1.191553026437759399e-01,9.997656345367431641e-01,-8.395984768867492676e-03,-2.066642045974731445e-04,1.996152848005294800e-02,-1.052044868469238281e+00,8.362588882446289062e-01,-2.289232254028320312e+00,1.030511856079101562e-01,-3.246204376220703125e+01,1.358122348785400502e-01,1.448656225204467773e+01,-1.267964589595794722e+00,2.500000000000000000e+00
1.600000000000000033e-01,2.096120834350585938e+00,1.310096085071563721e-01,-1.252977609634399414e+00,2.134907722473144531e+00,2.499262809753417969e+00,1.455892372131347656e+01,2.422894716262817383e+00,-3.321875631809234619e-01,2.107007217407226562e+01,-1.318275034427642822e-01,1.794884204864501953e+00,-3.067722776904702187e-03,1.196394264698028564e-01,9.999164342880249023e-01,-5.901306867599487305e-03,-3.336369991302490234e-04,1.150880008935928345e-02,-2.222999811172485352e+00,-7.143657803535461426e-01,6.252143383026123047e-01,7.112026214599609375e-04,9.237408638000488281e-01,1.358122348785400502e-01,1.448656225204467773e+01,-1.267964589595794722e+00,2.500000000000000000e+00
1.650000000000000078e-01,2.142814636230468750e+00,1.447224915027618408e-01,-1.254572510719299316e+00,2.240281820297241211e+00,2.498660087585449219e+00,9.248656272888183594e+00,2.531346321105957031e+00,-2.691399753093719482e-01,2.111100959777832031e+01,-1.045210063457489014e-01,1.802311897277832031e+00,-1.694544218480587006e-03,1.198904067277908325e-01,9.999894499778747559e-01,-3.387272357940673828e-03,-4.948824644088745117e-04,3.098316490650177002e-03,-4.442741274833679199e-01,9.972747415304183960e-03,5.875530242919921875e-01,6.910227239131927490e-05,8.289208412170410156e-01,1.667314887046814076e-01,9.243797779083251953e+00,-1.267059266567230225e+00,2.500000000000000000e+00
1.700000000000000122e-01,2.189050674438476562e+00,1.543080210685729980e-01,-1.255779266357421875e+00,2.345980644226074219e+00,2.498211383819580078e+00,9.246454238891601562e+00,1.511788845062255859e+00,-2.205088734626770020e-01,2.115780830383300781e+01,-7.455801218748092651e-02,1.809762120246887207e+00,-3.213789314031600952e-04,1.199062317609786987e-01,9.999854564666748047e-01,-8.570998907089233398e-04,-7.859319448471069336e-04,-5.303665995597839355e-03,-2.765906974673271179e-03,-2.613126486539840698e-02,2.593966126441955566e-01,-8.830009028315544128e-05,6.962152123451232910e-01,1.667314887046814076e-01,9.243797779083251953e+00,-1.267059266567230225e+00,2.500000000000000000e+00
1.750000000000000167e-01,2.235280513763427734e+00,1.597112119197845459e-01,-1.256812095642089844e+00,2.451840639114379883e+00,2.497900247573852539e+00,9.245711326599121094e+00,8.537016510963439941e-01,-1.939291208982467651e-01,2.118425941467285156e+01,-4.953127726912498474e-02,1.817229747772216797e+00,1.050957478582859039e-03,1.196928322315216064e-01,9.999042749404907227e-01,1.685917377471923828e-03,-1.138180494308471680e-03,-1.369690150022506714e-02,-1.362225972115993500e-03,-1.458114199340343475e-02,1.627167612314224243e-01,6.972067058086395264e-05,5.688811540603637695e-01,1.667314887046814076e-01,9.243797779083251953e+00,-1.267059266567230225e+00,2.500000000000000000e+00
1.799999999999999933e-01,2.281507253646850586e+00,1.626577675342559814e-01,-1.257733225822448730e+00,2.557798624038696289e+00,2.497699975967407227e+00,9.245347023010253906e+00,4.869215786457061768e-01,-1.742524504661560059e-01,2.120141029357910156e+01,-2.972901612520217896e-02,1.824712038040161133e+00,2.421816810965538025e-03,1.192491054534912109e-01,9.997461438179016113e-01,4.240110516548156738e-03,-1.527473330497741699e-03,-2.208323776721954346e-02,-8.234074339270591736e-04,-5.255309864878654480e-03,1.262658238410949707e-01,2.071596682071685791e-04,4.607257544994354248e-01,1.667314887046814076e-01,9.243797779083251953e+00,-1.267059266567230225e+00,2.500000000000000000e+00
1.849999999999999978e-01,2.312355756759643555e+00,9.906418621540069580e-02,-1.261663556098937988e+00,2.644359111785888672e+00,2.498543024063110352e+00,2.160565948486328125e+01,7.637766265869140625e+01,2.793711721897125244e-01,3.317505645751953125e+01,9.285567998886108398e-01,1.831561326980590820e+00,3.793697105720639229e-03,1.190067231655120850e-01,9.996196627616882324e-01,6.815850734710693359e-03,-2.236664295196533203e-04,-2.672563493251800537e-02,-1.794388055801391602e+00,-6.018207073211669922e-01,3.884007930755615234e+00,-6.137938499450683594e-01,-7.838661670684814453e-01,-7.851101756095886508e-02,4.900798559188842773e+00,-1.270247066020965487e+00,2.500000000000000000e+00
1.900000000000000022e-01,2.350281000137329102e+00,1.511319875717163086e-01,-1.262396574020385742e+00,2.761457204818725586e+00,2.500000000000000000e+00,2.140454292297363281e+01,-1.648427963256835938e+00,-2.864995300769805908e-01,1.119892883300781250e+01,4.719830176327377558e-04,1.838411927223205566e+00,6.115722935646772385e-03,1.190666705369949341e-01,9.995803236961364746e-01,1.122713088989257812e-02,-3.028512001037597656e-04,-2.670889347791671753e-02,-2.007679700851440430e+00,-3.142820119857788086e+00,5.043649673461914062e-01,7.206535339355468750e-01,-2.438126182556152344e+01,-7.851101756095886508e-02,4.900798559188842773e+00,-1.270247066020965487e+00,2.500000000000000000e+00
1.950000000000000067e-01,2.376204252243041992e+00,7.745198905467987061e-02,-1.263724565505981445e+00,2.817142009735107422e+00,2.499692916870117188e+00,7.104381561279296875e+00,-2.736226272583007812e+01,2.030116796493530273e+00,8.759838104248046875e+01,5.651316642761230469e-01,1.845077633857727051e+00,1.076450943946838379e-02,1.189876347780227661e-01,9.996141195297241211e-01,2.010172605514526367e-02,2.135336399078369141e-04,-1.917698979377746582e-02,-1.375057101249694824e+00,-4.204545021057128906e-01,4.596138000488281250e-01,1.771980285644531250e+00,-4.839745521545410156e+00,-7.851101756095886508e-02,4.900798559188842773e+00,-1.270247066020965487e+00,2.500000000000000000e+00
2.000000000000000111e-01,2.431504726409912109e+00,2.021319791674613953e-02,-1.261528015136718750e+00,2.967427015304565430e+00,2.499999761581420898e+00,2.898232650756835938e+01,-1.259366416931152344e+01,-3.338742256164550781e-02,4.761274337768554688e+01,-2.484919875860214233e-02,1.851745486259460449e+00,8.258957415819168091e-03,1.190173476934432983e-01,9.994723796844482422e-01,1.517906785011291504e-02,-8.200854063034057617e-04,-2.870406210422515869e-02,-3.093652009963989258e+00,3.156505897641181946e-02,-3.241906166076660156e+00,-1.144322156906127930e-01,-1.134396839141845703e+01,-7.851101756095886508e-02,4.900798559188842773e+00,-1.270247066020965487e+00,2.500000000000000000e+00
2.050000000000000155e-01,2.506677389144897461e+00,1.405048072338104248e-01,-1.262500405311584473e+00,3.071571350097656250e+00,2.500000000000000000e+00,5.192784881591796875e+01,2.894942092895507812e+01,-3.138149738311767578e+00,2.370627784729003906e+01,2.392015904188156128e-01,1.858040809631347656e+00,6.543479859828948975e-03,1.189340800046920776e-01,9.992743730545043945e-01,1.178261637687683105e-02,-3.815442323684692383e-04,-3.622320294380187988e-02,-3.781667709350585938e+00,1.659096598625183105e+00,2.191666364669799805e+00,8.109230995178222656e-01,-4.840188980102539062e+00,4.785129070281982644e-01,7.571504116058349609e+00,-1.251950138807296664e+00,2.500000000000000000e+00
2.099999999999999922e-01,2.549528598785400391e+00,1.862164437770843506e-01,-1.267277956008911133e+00,3.140220880508422852e+00,2.500000715255737305e+00,7.814339160919189453e+00,-1.842172050476074219e+01,6.687039732933044434e-01,1.714984893798828125e+01,-1.010944619774818420e-01,1.863464474678039551e+00,7.553607225418090820e-03,1.196503415703773499e-01,9.991865158081054688e-01,1.361693441867828369e-02,2.405866980552673340e-03,-3.788868337869644165e-02,-3.907580852508544922e+00,1.481865644454956055e+00,7.466187000274658203e+00,3.221974372863769531e-01,-3.146811676025390625e+01,4.785129070281982644e-01,7.571504116058349609e+00,-1.251950138807296664e+00,2.500000000000000000e+00
2.149999999999999967e-01,2.587328433990478516e+00,2.548830807209014893e-01,-1.265015363693237305e+00,3.224820375442504883e+00,2.499624967575073242e+00,7.563504219055175781e+00,2.254100418090820312e+01,3.261317610740661621e-01,1.684973335266113281e+01,-5.381860211491584778e-02,1.869175434112548828e+00,9.157071821391582489e-03,1.203303709626197815e-01,9.991077780723571777e-01,1.652505993843078613e-02,2.383336424827575684e-03,-3.879848867654800415e-02,-4.511187318712472916e-03,1.317967534065246582e+00,-1.323798298835754395e+00,5.902983248233795166e-04,4.719379544258117676e-01,4.785129070281982644e-01,7.571504116058349609e+00,-1.251950138807296664e+00,2.500000000000000000e+00
2.200000000000000011e-01,2.625164270401000977e+00,3.507586121559143066e-01,-1.263692617416381836e+00,3.309547185897827148e+00,2.499393701553344727e+00,7.569226741790771484e+00,1.542339801788330078e+01,2.272757142782211304e-01,1.692670822143554688e+01,-3.534786403179168701e-02,1.874867320060729980e+00,1.076757162809371948e-02,1.208259165287017822e-01,9.990168809890747070e-01,1.945838332176208496e-02,2.633064985275268555e-03,-3.974895924329757690e-02,5.195057019591331482e-03,-2.218996435403823853e-01,-3.563143014907836914e-01,9.832434356212615967e-03,3.283180594444274902e-01,4.785129070281982644e-01,7.571504116058349609e+00,-1.251950138807296664e+00,2.500000000000000000e+00
2.250000000000000056e-01,2.664660215377807617e+00,2.761420905590057373e-01,-1.263270974159240723e+00,3.394235849380493164e+00,2.499275445938110352e+00,7.910561561584472656e+00,-2.283789634704589844e+01,4.406801424920558929e-03,1.689513206481933594e+01,-1.249499432742595673e-02,1.880542159080505371e+00,1.238684542477130890e-02,1.211316362023353577e-01,9.989243745803833008e-01,2.242088317871093750e-02,3.139987587928771973e-03,-4.046940803527832031e-02,3.941878303885459900e-02,-1.219633936882019043e+00,-8.528095483779907227e-01,-1.334101706743240356e-02,2.135814130306243896e-01,5.218264460563659668e-02,7.915395498275756836e+00,-1.266892999410629272e+00,2.500000000000000000e+00
2.300000000000000100e-01,2.704224348068237305e+00,1.793509423732757568e-01,-1.263387799263000488e+00,3.477934837341308594e+00,2.499217033386230469e+00,7.914355278015136719e+00,-1.541375446319580078e+01,-4.375321790575981140e-02,1.672920989990234375e+01,-6.561468355357646942e-03,1.886207580566406250e+00,1.399878226220607758e-02,1.212266385555267334e-01,9.988232851028442383e-01,2.537055313587188721e-02,3.800511360168457031e-03,-4.116059094667434692e-02,2.592179924249649048e-03,2.441835254430770874e-01,-2.204940617084503174e-01,1.365992426872253418e-02,1.464877277612686157e-01,5.218264460563659668e-02,7.915395498275756836e+00,-1.266892999410629272e+00,2.500000000000000000e+00
2.350000000000000144e-01,2.743798494338989258e+00,1.213931888341903687e-01,-1.263623952865600586e+00,3.561098575592041016e+00,2.499173879623413086e+00,7.915307521820068359e+00,-8.626122474670410156e+00,-5.263661965727806091e-02,1.663070487976074219e+01,-4.987236112356185913e-03,1.891872048377990723e+00,1.560518331825733185e-02,1.210895627737045288e-01,9.987103939056396484e-01,2.830792963504791260e-02,4.496812820434570312e-03,-4.190896451473236084e-02,4.977781791239976883e-04,2.238333821296691895e-01,-5.759045109152793884e-02,6.299857050180435181e-03,1.326583623886108398e-01,5.218264460563659668e-02,7.915395498275756836e+00,-1.266892999410629272e+00,2.500000000000000000e+00
2.399999999999999911e-01,2.783609867095947266e+00,9.185365587472915649e-02,-1.263220906257629395e+00,3.628768444061279297e+00,2.499407529830932617e+00,8.677500724792480469e+00,7.739355087280273438e+00,1.030344843864440918e+00,2.488351440429687500e+01,5.248796343803405762e-01,1.897618174552917480e+00,1.673532836139202118e-02,1.207220703363418579e-01,9.985766410827636719e-01,3.032563626766204834e-02,4.827633500099182129e-03,-4.361345618963241577e-02,-4.699748754501342773e-02,1.005408465862274170e-01,-9.707865715026855469e-01,4.784994125366210938e-01,-1.713964939117431641e-01,5.218264460563659668e-02,7.915395498275756836e+00,-1.266892999410629272e+00,2.500000000000000000e+00
2.449999999999999956e-01,2.836732149124145508e+00,1.540828794240951538e-01,-1.259203314781188965e+00,3.718990564346313477e+00,2.498421669006347656e+00,1.071614074707031250e+01,9.224290466308593750e+01,4.186789393424987793e-01,1.949938583374023438e+01,-3.261497020721435547e-01,1.903731822967529297e+00,1.638467796146869659e-02,1.200632303953170776e-01,9.983935356140136719e-01,2.946546673774719238e-02,3.393247723579406738e-03,-4.827760159969329834e-02,2.332844138145446777e-01,1.480849027633666992e+00,-3.767668724060058594e+00,1.740158081054687500e+00,-2.870734786987304688e+01,3.605697870254516713e-01,1.072010940313339233e+01,-1.254958474636077792e+00,2.199017643928527832e+00
2.500000000000000000e-01,2.890997409820556641e+00,3.290841579437255859e-01,-1.252922415733337402e+00,3.860445261001586914e+00,2.495091438293457031e+00,1.025761508941650391e+01,1.789285850524902344e+01,1.288637042045593262e+00,2.055375671386718750e+01,-9.960953593254089355e-01,1.910340905189514160e+00,2.006453834474086761e-02,1.196491271257400513e-01,9.983290433883666992e-01,3.640109300613403320e-02,2.538859844207763672e-04,-4.488025605678558350e-02,-1.278658211231231689e-01,-2.845971345901489258e+00,-7.455532550811767578e+00,-3.357988357543945312e+00,-2.554334640502929688e+01,3.605697870254516713e-01,1.072010940313339233e+01,-1.254958474636077792e+00,2.199017643928527832e+00
2.550000000000000044e-01,2.949497222900390625e+00,3.746679723262786865e-01,-1.251003980636596680e+00,3.956316947937011719e+00,2.487880945205688477e+00,-2.299691772460937500e+01,-3.125468444824218750e+01,1.605394363403320312e+00,3.240074920654296875e+01,-6.361956596374511719e-01,1.916732907295227051e+00,2.112635783851146698e-02,1.187185347080230713e-01,9.982896447181701660e-01,3.831751644611358643e-02,-1.008346676826477051e-03,-4.414527118206024170e-02,-3.009274482727050781e+00,-6.343495845794677734e-01,-2.501205921173095703e+00,3.358006477355957031e-01,-2.064837265014648438e+01,3.605697870254516713e-01,1.072010940313339233e+01,-1.254958474636077792e+00,2.199017643928527832e+00
2.600000000000000089e-01,3.017179489135742188e+00,3.308064937591552734e-01,-1.250651121139526367e+00,4.093752384185791016e+00,2.482200145721435547e+00,-2.932292938232421875e+01,-7.865057945251464844e+00,3.092744827270507812e+00,-1.917007446289062500e+01,-1.410872578620910645e+00,1.922496795654296875e+00,2.186411619186401367e-02,1.187194883823394775e-01,9.984325170516967773e-01,3.971236944198608398e-02,-1.903623342514038086e-03,-3.939526528120040894e-02,-3.066241264343261719e+00,1.022671580314636230e+00,-5.971322059631347656e-01,3.279771804809570312e-01,-2.168121719360351562e+01,3.605697870254516713e-01,1.072010940313339233e+01,-1.254958474636077792e+00,2.199017643928527832e+00
2.650000000000000133e-01,3.056736946105957031e+00,3.306467533111572266e-01,-1.249554753303527832e+00,4.186578273773193359e+00,2.471487283706665039e+00,1.004287872314453125e+02,-2.490684700012207031e+01,-6.439955711364746094e+00,-1.803967285156250000e+01,-5.023868083953857422e-01,1.928052186965942383e+00,2.273311093449592590e-02,1.185004040598869324e-01,9.984711408615112305e-01,4.130141437053680420e-02,-2.108275890350341797e-03,-3.667902201414108276e-02,1.612270355224609375e+00,6.230959892272949219e-01,-3.471565246582031250e-01,7.831668853759765625e-02,-2.948856163024902344e+01,4.005628585815430021e-01,7.487530231475830078e+00,-1.247778159379959062e+00,1.236331701278686523e+00
2.700000000000000178e-01,3.179252386093139648e+00,2.951877117156982422e-01,-1.265002965927124023e+00,4.204927921295166016e+00,2.463990211486816406e+00,2.535246276855468750e+01,-2.473981666564941406e+01,-1.224208593368530273e+00,4.519216060638427734e+00,-1.795184254646301270e+00,1.930495142936706543e+00,1.802998594939708710e-02,1.205190196633338928e-01,9.993584156036376953e-01,3.273920714855194092e-02,5.593463778495788574e-03,-1.341027766466140747e-02,-5.979699134826660156e+00,9.434703588485717773e-01,1.924970436096191406e+01,1.028461456298828125e-01,-3.000262451171875000e+01,4.005628585815430021e-01,7.487530231475830078e+00,-1.247778159379959062e+00,1.236331701278686523e+00
2.750000000000000222e-01,3.218617677688598633e+00,2.577339112758636475e-01,-1.263674974441528320e+00,4.236103057861328125e+00,2.450500011444091797e+00,7.568458080291748047e+00,-1.229312419891357422e+01,3.585332334041595459e-01,7.225999832153320312e+00,-2.791714906692504883e+00,1.933669924736022949e+00,1.302579417824745178e-02,1.213424280285835266e-01,9.996519088745117188e-01,2.352479100227355957e-02,8.349746465682983398e-03,8.552007377147674561e-03,-1.553124547004699707e+00,1.770825266838073730e+00,3.015450239181518555e-01,-3.034639358520507812e-02,-2.999637603759765625e+01,4.005628585815430021e-01,7.487530231475830078e+00,-1.247778159379959062e+00,1.236331701278686523e+00
2.800000000000000266e-01,3.256216526031494141e+00,2.280837893486022949e-01,-1.258198857307434082e+00,4.278748512268066406e+00,2.432224512100219727e+00,7.420535087585449219e+00,-2.388639450073242188e+01,7.435480952262878418e-01,8.391931533813476562e+00,-3.630973577499389648e+00,1.937219977378845215e+00,8.439410477876663208e-03,1.216544359922409058e-01,9.993568658828735352e-01,1.525065302848815918e-02,9.943261742591857910e-03,3.089429438114166260e-02,-3.485997766256332397e-02,1.766027212142944336e+00,-5.211182117462158203e+00,-4.017472267150878906e-03,-3.002402114868164062e+01,4.005628585815430021e-01,7.487530231475830078e+00,-1.247778159379959062e+00,1.236331701278686523e+00
2.850000000000000311e-01,3.291646242141723633e+00,1.879168003797531128e-01,-1.256422519683837891e+00,4.319837093353271484e+00,2.417943954467773438e+00,7.100606918334960938e+00,-6.120468139648437500e+00,1.188169717788696289e-01,8.480339050292968750e+00,-2.229129314422607422e+00,1.940963745117187500e+00,3.843674901872873306e-03,1.225221455097198486e-01,9.984958767890930176e-01,7.143065333366394043e-03,1.188032329082489014e-02,5.304905027151107788e-02,-3.162781894207000732e-02,7.505725622177124023e-01,-7.660217285156250000e-01,-1.529482007026672363e-02,2.463992881774902344e+01,1.954363703727722279e-01,7.070368409156799316e+00,-1.242109620571136386e+00,2.500000000000000000e+00
2.899999999999999800e-01,3.327115535736083984e+00,1.833241581916809082e-01,-1.256232380867004395e+00,4.363166809082031250e+00,2.409540891647338867e+00,7.096184253692626953e+00,8.489193916320800781e-01,4.806144628673791885e-03,8.812724113464355469e+00,-1.211957097053527832e+00,1.944902896881103516e+00,-8.539350237697362900e-04,1.239783689379692078e-01,9.970960617065429688e-01,-1.046538352966308594e-03,1.339976489543914795e-02,7.495998591184616089e-02,-1.853722147643566132e-02,2.148092538118362427e-01,1.020451903343200684e+00,-2.939641475677490234e-03,1.873946762084960938e+01,1.954363703727722279e-01,7.070368409156799316e+00,-1.242109620571136386e+00,2.500000000000000000e+00
2.949999999999999845e-01,3.362582206726074219e+00,1.884291470050811768e-01,-1.256159305572509766e+00,4.407633781433105469e+00,2.405507564544677734e+00,7.092384338378906250e+00,8.404106497764587402e-01,2.864207513630390167e-02,9.027911186218261719e+00,-4.569031298160552979e-01,1.949017286300659180e+00,-5.537691060453653336e-03,1.257806718349456787e-01,9.951555728912353516e-01,-9.151548147201538086e-03,1.431469619274139404e-02,9.683329612016677856e-02,-1.800657622516155243e-02,-9.111378341913223267e-03,1.189927816390991211e+00,1.577990129590034485e-03,1.412664508819580078e+01,1.954363703727722279e-01,7.070368409156799316e+00,-1.242109620571136386e+00,2.500000000000000000e+00
2.999999999999999889e-01,3.398024320602416992e+00,1.919492781162261963e-01,-1.255895256996154785e+00,4.453020095825195312e+00,2.404695987701416016e+00,7.087151050567626953e+00,4.626173079013824463e-01,7.178210467100143433e-02,9.182081222534179688e+00,9.618132561445236206e-02,1.953284144401550293e+00,-1.019184105098247528e-02,1.277731508016586304e-01,9.926772117614746094e-01,-1.716913282871246338e-02,1.473453640937805176e-02,1.186600029468536377e-01,-1.303878054022789001e-02,-2.089654654264450073e-02,9.768372774124145508e-01,1.729657407850027084e-03,1.050187015533447266e+01,1.954363703727722279e-01,7.070368409156799316e+00,-1.242109620571136386e+00,2.500000000000000000e+00
3.049999999999999933e-01,3.444524765014648438e+00,1.106059551239013672e-01,-1.255244374275207520e+00,4.499181747436523438e+00,2.406217336654663086e+00,9.336035728454589844e+00,-1.963493537902832031e+01,1.494679600000381470e-01,9.311760902404785156e+00,4.912132620811462402e-01,1.957689285278320312e+00,-1.480280235409736633e-02,1.298379153013229370e-01,9.896469116210937500e-01,-2.508753538131713867e-02,1.475122570991516113e-02,1.405426263809204102e-01,1.770618259906768799e-01,-6.525321602821350098e-01,7.706595659255981445e-01,9.477585554122924805e-03,7.664383888244628906e+00,-7.307295203208923062e-02,9.323688447475433350e+00,-1.239260458946227939e+00,2.500000000000000000e+00
3.099999999999999978e-01,3.491187334060668945e+00,3.070755675435066223e-02,-1.254412770271301270e+00,4.547333240509033203e+00,2.409370899200439453e+00,9.331955909729003906e+00,-1.261908149719238281e+01,1.754102706909179688e-01,9.684261322021484375e+00,7.631797790527343750e-01,1.962206006050109863e+00,-1.937291212379932404e-02,1.318970024585723877e-01,9.860759377479553223e-01,-3.292889893054962158e-02,1.457159221172332764e-02,1.623507887125015259e-01,-2.898588776588439941e-03,2.163100987672805786e-01,5.099430084228515625e-01,-2.362944185733795166e-03,5.466164588928222656e+00,-7.307295203208923062e-02,9.323688447475433350e+00,-1.239260458946227939e+00,2.500000000000000000e+00
3.150000000000000022e-01,3.537832498550415039e+00,-1.607494056224822998e-02,-1.253490805625915527e+00,4.596650600433349609e+00,2.413619041442871094e+00,9.329006195068359375e+00,-7.060929775238037109e+00,1.881207376718521118e-01,9.898743629455566406e+00,9.399963617324829102e-01,1.966817617416381836e+00,-2.390071377158164978e-02,1.338882148265838623e-01,9.819731712341308594e-01,-4.070161283016204834e-02,1.432493329048156738e-02,1.840300261974334717e-01,8.408799767494201660e-04,1.694330126047134399e-01,3.281122446060180664e-01,-2.699002623558044434e-03,3.778221368789672852e+00,-7.307295203208923062e-02,9.323688447475433350e+00,-1.239260458946227939e+00,2.500000000000000000e+00
3.200000000000000067e-01,3.584465026855468750e+00,-4.175236448645591736e-02,-1.252529859542846680e+00,4.646486759185791016e+00,2.418548345565795898e+00,9.326844215393066406e+00,-3.878649234771728516e+00,1.926062554121017456e-01,9.988776206970214844e+00,1.044369697570800781e+00,1.971511602401733398e+00,-2.838493138551712036e-02,1.357624679803848267e-01,9.773393869400024414e-01,-4.841062426567077637e-02,1.410586386919021606e-02,2.055853605270385742e-01,3.566339612007141113e-03,9.334294497966766357e-02,1.976698040962219238e-01,-1.399766653776168823e-03,2.498271465301513672e+00,-7.307295203208923062e-02,9.323688447475433350e+00,-1.239260458946227939e+00,2.500000000000000000e+00
3.250000000000000111e-01,3.642091512680053711e+00,-1.113633252680301666e-02,-1.251772284507751465e+00,4.696346282958984375e+00,2.423877954483032227e+00,1.156564140319824219e+01,8.478294372558593750e+00,1.125084087252616882e-01,9.960245132446289062e+00,1.102675676345825195e+00,1.976279735565185547e+00,-3.282416611909866333e-02,1.374945193529129028e-01,9.721881151199340820e-01,-5.607193708419799805e-02,1.402777433395385742e-02,2.269576191902160645e-01,1.955183446407318115e-01,3.874239921569824219e-01,-3.216663002967834473e-01,-5.087941884994506836e-03,1.503112554550170898e+00,7.050094008445739746e-02,1.156654165685176849e+01,-1.246117767691612199e+00,2.500000000000000000e+00
3.300000000000000155e-01,3.699917554855346680e+00,2.461397275328636169e-02,-1.251290798187255859e+00,4.745068550109863281e+00,2.429352998733520508e+00,1.156665992736816406e+01,5.598843097686767578e+00,8.716215193271636963e-02,9.744884490966796875e+00,1.111707448959350586e+00,1.981107115745544434e+00,-3.721927106380462646e-02,1.390551924705505371e-01,9.665073752403259277e-01,-6.369455158710479736e-02,1.417546719312667847e-02,2.482050955295562744e-01,8.658317849040031433e-03,-1.006477326154708862e-01,-4.780089855194091797e-02,5.917476490139961243e-03,7.838046550750732422e-01,7.050094008445739746e-02,1.156654165685176849e+01,-1.246117767691612199e+00,2.500000000000000000e+00
3.350000000000000200e-01,3.757744550704956055e+00,4.584951698780059814e-02,-1.250876665115356445e+00,4.792964935302734375e+00,2.434788227081298828e+00,1.156642246246337891e+01,3.099030971527099609e+00,8.084498345851898193e-02,9.579470634460449219e+00,1.090961694717407227e+00,1.985993146896362305e+00,-4.156979173421859741e-02,1.404126435518264771e-01,9.602944850921630859e-01,-7.126635313034057617e-02,1.451923698186874390e-02,2.693421840667724609e-01,8.427619934082031250e-03,-8.826161921024322510e-02,-5.582885816693305969e-03,4.277341067790985107e-03,2.847314178943634033e-01,7.050094008445739746e-02,1.156654165685176849e+01,-1.246117767691612199e+00,2.500000000000000000e+00
3.400000000000000244e-01,3.815569400787353516e+00,5.752465128898620605e-02,-1.250485658645629883e+00,4.840226650238037109e+00,2.440063953399658203e+00,1.156603431701660156e+01,1.653618812561035156e+00,7.772421836853027344e-02,9.450614929199218750e+00,1.050536632537841797e+00,1.990934252738952637e+00,-4.587628692388534546e-02,1.415500044822692871e-01,9.535531401634216309e-01,-7.878354191780090332e-02,1.506669819355010986e-02,2.903494834899902344e-01,8.804855868220329285e-03,-5.422940477728843689e-02,-1.384320296347141266e-02,2.855357713997364044e-03,-5.937260389328002930e-02,7.050094008445739746e-02,1.156654165685176849e+01,-1.246117767691612199e+00,2.500000000000000000e+00
3.450000000000000289e-01,3.907386541366577148e+00,2.393601275980472565e-02,-1.250046730041503906e+00,4.887090206146240234e+00,2.445143938064575195e+00,1.848135948181152344e+01,-8.649532318115234375e+00,4.781960323452949524e-02,9.344768524169921875e+00,1.007878899574279785e+00,1.995942354202270508e+00,-5.012618005275726318e-02,1.424574553966522217e-01,9.462721347808837891e-01,-8.621878921985626221e-02,1.576917618513107300e-02,3.112668991088867188e-01,5.843000411987304688e-01,-3.377952277660369873e-01,-4.851523637771606445e-01,5.547359585762023926e-03,-3.398471474647521973e-01,-5.813106298446655412e-02,1.848492264747619629e+01,-1.249788764119148299e+00,2.500000000000000000e+00
3.500000000000000333e-01,3.999794006347656250e+00,-1.143995765596628189e-02,-1.249912381172180176e+00,4.934017181396484375e+00,2.449943542480468750e+00,1.848337745666503906e+01,-5.652072906494140625e+00,1.867499388754367828e-02,9.374926567077636719e+00,9.454811215400695801e-01,2.000993967056274414e+00,-5.433354154229164124e-02,1.431386470794677734e-01,9.384657144546508789e-01,-9.362153708934783936e-02,1.678094267845153809e-02,3.320177197456359863e-01,1.220655068755149841e-02,8.869363367557525635e-02,-1.380419880151748657e-01,-1.328699290752410889e-03,-4.996557533740997314e-01,-5.813106298446655412e-02,1.848492264747619629e+01,-1.249788764119148299e+00,2.500000000000000000e+00
3.549999999999999822e-01,4.092209339141845703e+00,-3.228825330734252930e-02,-1.249855399131774902e+00,4.980895996093750000e+00,2.454414129257202148e+00,1.848384857177734375e+01,-3.185345411300659180e+00,1.138524990528821945e-02,9.370037078857421875e+00,8.775871992111206055e-01,2.006091117858886719e+00,-5.849733948707580566e-02,1.435777992010116577e-01,9.301468133926391602e-01,-1.009685546159744263e-01,1.803954690694808960e-02,3.525717854499816895e-01,1.100338995456695557e-02,7.165551185607910156e-02,-5.361340939998626709e-02,-8.492209017276763916e-04,-5.680387616157531738e-01,-5.813106298446655412e-02,1.848492264747619629e+01,-1.249788764119148299e+00,2.500000000000000000e+00
3.599999999999999867e-01,4.184625148773193359e+00,-4.374804720282554626e-02,-1.249820351600646973e+00,5.027568340301513672e+00,2.458541154861450195e+00,1.848398780822753906e+01,-1.766397237777709961e+00,9.051426313817501068e-03,9.329731941223144531e+00,8.085408210754394531e-01,2.011232137680053711e+00,-6.261590868234634399e-02,1.437694132328033447e-01,9.213188886642456055e-01,-1.082462817430496216e-01,1.953160017728805542e-02,3.729250431060791016e-01,1.065711304545402527e-02,3.814367949962615967e-02,-3.159752115607261658e-02,-7.750466465950012207e-06,-5.850674510002136230e-01,-5.813106298446655412e-02,1.848492264747619629e+01,-1.249788764119148299e+00,2.500000000000000000e+00
3.649999999999999911e-01,4.282684803009033203e+00,-6.671101599931716919e-02,-1.249354124069213867e+00,5.074216365814208984e+00,2.462301731109619141e+00,1.962882041931152344e+01,-4.977279186248779297e+00,1.343261152505874634e-01,9.349091529846191406e+00,7.335408926010131836e-01,2.016425609588623047e+00,-6.668374687433242798e-02,1.436915695667266846e-01,9.119789600372314453e-01,-1.153915077447891235e-01,2.112623304128646851e-02,3.931068778038024902e-01,9.904872626066207886e-02,-1.103168129920959473e-01,4.127717614173889160e-01,2.107664942741394043e-03,-5.390351414680480957e-01,-1.120607256889343262e-01,1.962731122970581055e+01,-1.239924862980842590e+00,2.500000000000000000e+00
3.699999999999999956e-01,4.380817413330078125e+00,-8.635815232992172241e-02,-1.248641967773437500e+00,5.120957851409912109e+00,2.465720415115356445e+00,1.962671852111816406e+01,-3.119127750396728516e+00,1.502809673547744751e-01,9.348153114318847656e+00,6.691158413887023926e-01,2.021662473678588867e+00,-7.070151716470718384e-02,1.433531641960144043e-01,9.021403193473815918e-01,-1.224113106727600098e-01,2.288101986050605774e-02,4.130798280239105225e-01,9.399348869919776917e-03,5.247420445084571838e-02,5.588307976722717285e-02,-4.794467240571975708e-04,-4.842834472656250000e-01,-1.120607256889343262e-01,1.962731122970581055e+01,-1.239924862980842590e+00,2.500000000000000000e+00
3.750000000000000000e-01,4.478944778442382812e+00,-9.771176427602767944e-02,-1.247923731803894043e+00,5.167510986328125000e+00,2.468831300735473633e+00,1.962631607055664062e+01,-1.758662939071655273e+00,1.439070403575897217e-01,9.306396484375000000e+00,6.094663739204406738e-01,2.026936054229736328e+00,-7.466927170753479004e-02,1.427661031484603882e-01,8.918074369430541992e-01,-1.293240189552307129e-01,2.486133575439453125e-02,4.328245520591735840e-01,1.046701520681381226e-02,3.666543588042259216e-02,-2.409279718995094299e-02,3.541633486747741699e-05,-4.405699372291564941e-01,-1.120607256889343262e-01,1.962731122970581055e+01,-1.239924862980842590e+00,2.500000000000000000e+00
3.800000000000000044e-01,4.577915191650390625e+00,-1.007133722305297852e-01,-1.244532108306884766e+00,5.172268390655517578e+00,2.474304199218750000e+00,1.967455482482910156e+01,3.289178609848022461e+00,1.528305411338806152e+00,4.236284255981445312e+00,2.199502706527709961e+00,2.032310009002685547e+00,-7.805270701646804810e-02,1.423537731170654297e-01,8.809087276458740234e-01,-1.349665522575378418e-01,2.546204440295696259e-02,4.529190957546234131e-01,-1.694804877042770386e-01,-1.392296552658081055e-01,-3.512195110321044922e+00,5.100125074386596680e-02,-3.475934982299804688e+00,-1.120607256889343262e-01,1.962731122970581055e+01,-1.239924862980842590e+00,2.500000000000000000e+00
