# t,x,y,z,fd_vx,fd_vy,fd_vz,api_vx,api_vy,api_vz,corrected_vx,corrected_vy,corrected_vz,wx,wy,wz
5.000000000000000104e-03,1.509935259819030762e+00,6.753252819180488586e-06,1.497975289821624756e-01,1.987051963806152344e+00,1.351395621895790100e-03,-4.048943519592285156e-02,2.003950119018554688e+00,-2.092302020173519850e-05,-4.875356703996658325e-02,1.986019068285280520e+00,1.286914003084508457e-03,-3.885721721154739017e-02,3.008613884449005127e-01,3.481895923614501953e-01,4.991118609905242920e-01
1.000000000000000021e-02,1.519863009452819824e+00,1.376681029796600342e-05,1.493620872497558594e-01,1.985549926757812500e+00,1.402711495757102966e-03,-8.708834648132324219e-02,2.004071474075317383e+00,1.058109410223551095e-05,-9.704744815826416016e-02,1.985161567763112700e+00,1.322842620596337629e-03,-8.656623882048532226e-02,3.019283711910247803e-01,3.678927421569824219e-01,4.986701011657714844e-01
1.499999999999999944e-02,1.529788017272949219e+00,2.091709757223725319e-05,1.486852765083312988e-01,1.985001564025878906e+00,1.430057454854249954e-03,-1.353621482849121094e-01,2.004005432128906250e+00,2.629384289321023971e-05,-1.457614004611968994e-01,1.984881425388475673e+00,1.341621588517331529e-03,-1.351142559270689936e-01,3.029245436191558838e-01,3.724702894687652588e-01,4.980875849723815918e-01
2.000000000000000042e-02,1.539712071418762207e+00,2.805440453812479973e-05,1.477645784616470337e-01,1.984810829162597656e+00,1.427461393177509308e-03,-1.841396093368530273e-01,2.003881931304931641e+00,3.836984251393005252e-05,-1.946558058261871338e-01,1.984733005858497545e+00,1.357269401079977747e-03,-1.839468897977302453e-01,3.039129078388214111e-01,3.733027279376983643e-01,4.974599480628967285e-01
2.500000000000000139e-02,1.549635648727416992e+00,3.535649739205837250e-05,1.465997695922851562e-01,1.984715461730957031e+00,1.460418570786714554e-03,-2.329617738723754883e-01,2.003747463226318359e+00,4.898217230220325291e-05,-2.435731291770935059e-01,1.984619205419474453e+00,1.371719489532524303e-03,-2.328277299455362437e-01,3.048993349075317383e-01,3.732319474220275879e-01,4.968177676200866699e-01
2.999999999999999889e-02,1.559558629989624023e+00,4.272937076166272163e-05,1.451905518770217896e-01,1.984596252441406250e+00,1.474574673920869827e-03,-2.818435430526733398e-01,2.003612518310546875e+00,5.864970808033831418e-05,-2.924815416336059570e-01,1.984516572596153550e+00,1.385363456449460393e-03,-2.817062331255643093e-01,3.058835864067077637e-01,3.729304373264312744e-01,4.961681067943572998e-01
3.500000000000000333e-02,1.569481134414672852e+00,5.009758751839399338e-05,1.435368061065673828e-01,1.984500885009765625e+00,1.473643351346254349e-03,-3.307491540908813477e-01,2.003478765487670898e+00,6.742200639564543962e-05,-3.413758873939514160e-01,1.984418533241911753e+00,1.398212076473512658e-03,-3.305726848794434680e-01,3.068647980690002441e-01,3.725616037845611572e-01,4.955116808414459229e-01
4.000000000000000083e-02,1.579402923583984375e+00,5.756516475230455399e-05,1.416388303041458130e-01,1.984357833862304688e+00,1.493515446782112122e-03,-3.795951604843139648e-01,2.003346920013427734e+00,7.540896331192925572e-05,-3.902577757835388184e-01,1.984323447241845839e+00,1.410366024146646191e-03,-3.794273832256004342e-01,3.078441917896270752e-01,3.721721172332763672e-01,4.948511123657226562e-01
4.499999999999999833e-02,1.589324235916137695e+00,6.508309161290526390e-05,1.394966095685958862e-01,1.984262466430664062e+00,1.503585372120141983e-03,-4.284441471099853516e-01,2.003216743469238281e+00,8.261575567303225398e-05,-4.391297698020935059e-01,1.984230383516874863e+00,1.421850094413919935e-03,-4.282725111234350068e-01,3.088214099407196045e-01,3.717757761478424072e-01,4.941854774951934814e-01
5.000000000000000278e-02,1.599245309829711914e+00,7.267191540449857712e-05,1.371102333068847656e-01,1.984214782714843750e+00,1.517764758318662643e-03,-4.772752523422241211e-01,2.003087759017944336e+00,8.887078729458153248e-05,-4.879943132400512695e-01,1.984138491518091962e+00,1.432493977996269000e-03,-4.771103002766396983e-01,3.097960948944091797e-01,3.713799118995666504e-01,4.935141503810882568e-01
5.500000000000000028e-02,1.609165906906127930e+00,8.030759636312723160e-05,1.344795525074005127e-01,1.984119415283203125e+00,1.527136191725730896e-03,-5.261361598968505859e-01,2.002959966659545898e+00,9.453904203837737441e-05,-5.368527770042419434e-01,1.984047459091702992e+00,1.442643414973208971e-03,-5.259419301540737557e-01,3.107691109180450439e-01,3.709911704063415527e-01,4.928387701511383057e-01
5.999999999999999778e-02,1.619085907936096191e+00,8.795509347692131996e-05,1.316048800945281982e-01,1.984000205993652344e+00,1.529499422758817673e-03,-5.749344825744628906e-01,2.002833127975463867e+00,9.936877177096903324e-05,-5.857068300247192383e-01,1.983956869385594235e+00,1.452055786789975891e-03,-5.747689694046629327e-01,3.117403984069824219e-01,3.706128001213073730e-01,4.921592473983764648e-01
6.500000000000000222e-02,1.629005432128906250e+00,9.568926179781556129e-05,1.284860968589782715e-01,1.983904838562011719e+00,1.546833664178848267e-03,-6.237566471099853516e-01,2.002706766128540039e+00,1.035967725329101086e-04,-6.345576047897338867e-01,1.983866081113338176e+00,1.460966614569998365e-03,-6.235924551548568395e-01,3.127100467681884766e-01,3.702481091022491455e-01,4.914759993553161621e-01
7.000000000000000666e-02,1.638924598693847656e+00,1.034705201163887978e-04,1.251231431961059570e-01,1.983833312988281250e+00,1.556251663714647293e-03,-6.725907325744628906e-01,2.002581357955932617e+00,1.071376027539372444e-04,-6.834062933921813965e-01,1.983775615093902100e+00,1.469279305735779126e-03,-6.724135936061700347e-01,3.136773109436035156e-01,3.698963224887847900e-01,4.907878637313842773e-01
7.499999999999999722e-02,1.648843288421630859e+00,1.113435719162225723e-04,1.215161308646202087e-01,1.983737945556640625e+00,1.574610359966754913e-03,-7.214024662971496582e-01,2.002456426620483398e+00,1.098543143598362803e-04,-7.322536110877990723e-01,1.983685025497454957e+00,1.476847079987967520e-03,-7.212331103297007218e-01,3.146424591541290283e-01,3.695569634437561035e-01,4.900955259799957275e-01
8.000000000000000167e-02,1.661272525787353516e+00,1.178160891868174076e-04,1.198804676532745361e-01,2.485847473144531250e+00,1.294503454118967056e-03,-3.271326422691345215e-01,2.234935522079467773e+00,-1.744040101766586304e-02,-2.219256162643432617e-01,2.367035762683475486e+00,-9.426938957846393505e-03,-2.950023497955712171e-01,3.580315411090850830e-01,-2.626732110977172852e+00,3.591681420803070068e-01
8.500000000000000611e-02,1.673005700111389160e+00,6.362813292071223259e-05,1.183556392788887024e-01,2.346634864807128906e+00,-1.083759125322103500e-02,-3.049656748771667480e-01,2.246899604797363281e+00,-1.684345118701457977e-02,-2.385052740573883057e-01,2.335232738635347083e+00,-1.105108341687885583e-02,-2.861811313656197897e-01,3.254887163639068604e-01,-1.749460697174072266e+00,3.905104100704193115e-01
8.999999999999999667e-02,1.682409644126892090e+00,2.889966708607971668e-04,1.178666725754737854e-01,1.880788803100585938e+00,4.507371038198471069e-02,-9.779334068298339844e-02,1.852027058601379395e+00,-1.373048289678990841e-03,-7.021106034517288208e-02,1.726323608257537057e+00,1.887615918417162586e-02,-4.060954398750343808e-04,3.855335712432861328e-01,2.492041826248168945e+00,-2.863652817904949188e-02
9.500000000000000111e-02,1.692033648490905762e+00,4.780295421369373798e-04,1.182619407773017883e-01,1.924800872802734375e+00,3.780657425522804260e-02,7.905364036560058594e-02,1.887884259223937988e+00,8.695989381521940231e-04,2.388970255851745605e-01,1.958046368646729540e+00,3.384826836910916764e-02,2.014158849387380490e-01,5.894224047660827637e-01,-1.383886933326721191e+00,-1.142876222729682922e-01
1.000000000000000056e-01,1.701777100563049316e+00,6.430584471672773361e-04,1.191030815243721008e-01,1.948690414428710938e+00,3.300578147172927856e-02,1.682281494140625000e-01,1.894052863121032715e+00,8.048807503655552864e-04,2.030910700559616089e-01,1.942682602327931995e+00,3.259256888815596775e-02,1.777650369897574023e-01,5.726995468139648438e-01,-9.555720686912536621e-01,-9.970757365226745605e-02
1.049999999999999961e-01,1.711477637290954590e+00,8.052345947362482548e-04,1.197684928774833679e-01,1.940107345581054688e+00,3.243523091077804565e-02,1.330822706222534180e-01,1.895259141921997070e+00,8.013644837774336338e-04,1.578855812549591064e-01,1.938709733868712926e+00,3.227545412478232539e-02,1.356792069168033521e-01,5.692974328994750977e-01,-8.514571785926818848e-01,-9.288004785776138306e-02
1.100000000000000006e-01,1.721168279647827148e+00,9.665918769314885139e-04,1.202059015631675720e-01,1.938128471374511719e+00,3.227145597338676453e-02,8.748173713684082031e-02,1.895347714424133301e+00,7.766603375785052776e-04,1.100370362401008606e-01,1.937980094765972883e+00,3.219025843907278445e-02,8.858674609838429470e-02,5.691224932670593262e-01,-8.334169983863830566e-01,-8.939646184444427490e-02
1.150000000000000050e-01,1.729783177375793457e+00,1.010874868370592594e-03,1.209058016538619995e-01,1.722979545593261719e+00,8.856598287820816040e-03,1.399800181388854980e-01,1.839948654174804688e+00,-3.901831805706024170e-04,-1.296869106590747833e-02,1.918764169775514450e+00,3.283306257965754732e-02,-5.375167010879225438e-02,5.888704061508178711e-01,-1.545324206352233887e+00,-1.208484843373298645e-01
1.199999999999999956e-01,1.738300919532775879e+00,1.037231646478176117e-03,1.209889352321624756e-01,1.703548431396484375e+00,5.271355621516704559e-03,1.662671566009521484e-02,1.818134665489196777e+00,-8.196332491934299469e-04,-6.670712679624557495e-02,1.878295318003058600e+00,3.116459412152283032e-02,-9.757904110849492663e-02,5.740166306495666504e-01,-1.179394245147705078e+00,-1.032912507653236389e-01
1.250000000000000000e-01,1.746748566627502441e+00,1.079839654266834259e-03,1.206584870815277100e-01,1.689529418945312500e+00,8.521601557731628418e-03,-6.608963012695312500e-02,1.670390486717224121e+00,-1.476142089813947678e-02,-8.413268625736236572e-02,1.679590492123499423e+00,1.171148535692707882e-02,-8.799325950713324240e-02,4.997677803039550781e-01,-1.794114112854003906e-01,-3.928825631737709045e-02
1.300000000000000044e-01,1.755069971084594727e+00,1.131401048041880131e-03,1.200516074895858765e-01,1.664280891418457031e+00,1.031227875500917435e-02,-1.213759183883666992e-01,1.667063355445861816e+00,-1.551956776529550552e-02,-1.181812584400177002e-01,1.664403476131340431e+00,1.012509897503661993e-02,-1.156896502921883202e-01,4.899614155292510986e-01,5.347200855612754822e-02,-2.730509825050830841e-02
1.350000000000000089e-01,1.763381719589233398e+00,1.178025733679533005e-03,1.192497909069061279e-01,1.662349700927734375e+00,9.324937127530574799e-03,-1.603633165359497070e-01,1.665828347206115723e+00,-1.628466323018074036e-02,-1.597613096237182617e-01,1.663083715667143192e+00,9.219787911652718715e-03,-1.571648991120171424e-01,4.876570403575897217e-01,5.519575625658035278e-02,-2.669014595448970795e-02
1.400000000000000133e-01,1.771311163902282715e+00,1.201241044327616692e-03,1.184506565332412720e-01,1.585888862609863281e+00,4.643062129616737366e-03,-1.598268747329711914e-01,1.351810574531555176e+00,-4.681271035224199295e-03,-4.578140005469322205e-02,1.146345558481506544e+00,2.563968569435672029e-02,6.615175281162569143e-02,5.223942399024963379e-01,4.057434082031250000e+00,-1.401867270469665527e-01
1.449999999999999900e-01,1.777198910713195801e+00,1.365024014376103878e-03,1.180212721228599548e-01,1.177549362182617188e+00,3.275659307837486267e-02,-8.587688207626342773e-02,1.313024640083312988e+00,-8.546349126845598221e-04,-2.035940289497375488e-01,1.206042091019852380e+00,3.641415007616650296e-02,-1.421430056947698972e-01,5.966675281524658203e-01,2.139451742172241211e+00,-2.587711811065673828e-01
1.499999999999999944e-01,1.783908367156982422e+00,1.523295883089303970e-03,1.180343031883239746e-01,1.341891288757324219e+00,3.165437281131744385e-02,2.606213092803955078e-03,1.331739544868469238e+00,-1.569376327097415924e-02,1.820745468139648438e-01,1.445404154074804381e+00,3.818660415922768558e-02,1.216711860616197793e-01,7.901490330696105957e-01,-2.232505798339843750e+00,-5.045456290245056152e-01
1.549999999999999989e-01,1.790917634963989258e+00,1.671852893196046352e-03,1.187096387147903442e-01,1.401853561401367188e+00,2.971140295267105103e-02,1.350671052932739258e-01,1.352922201156616211e+00,-1.661604642868041992e-02,1.703020930290222168e-01,1.368630772587702493e+00,3.052162684299516981e-02,1.644700904111071893e-01,7.205603718757629395e-01,-2.882706522941589355e-01,-3.891345560550689697e-01
1.600000000000000033e-01,1.797708868980407715e+00,1.813726848922669888e-03,1.194116696715354919e-01,1.358246803283691406e+00,2.837479114532470703e-02,1.404061913490295410e-01,1.360450625419616699e+00,-1.786860264837741852e-02,1.469646692276000977e-01,1.352612735206834671e+00,2.760335794565380724e-02,1.542110799613411742e-01,7.043704986572265625e-01,1.786062419414520264e-01,-3.589083552360534668e-01
1.650000000000000078e-01,1.804459810256958008e+00,1.949355821125209332e-03,1.199643760919570923e-01,1.350188255310058594e+00,2.712579444050788879e-02,1.105412840843200684e-01,1.362182259559631348e+00,-1.814377307891845703e-02,1.032573133707046509e-01,1.348969993609727247e+00,2.693386730665515982e-02,1.136656112470725288e-01,7.006646990776062012e-01,2.866145372390747070e-01,-3.518864214420318604e-01
1.700000000000000122e-01,1.811201930046081543e+00,2.083381405100226402e-03,1.202920153737068176e-01,1.348423957824707031e+00,2.680511772632598877e-02,6.552785634994506836e-02,1.362574815750122070e+00,-1.820374839007854462e-02,5.499458312988281250e-02,1.348243848374800713e+00,2.678243087909763787e-02,6.624786663843197643e-02,6.996017694473266602e-01,3.106746971607208252e-01,-3.510173261165618896e-01
1.750000000000000167e-01,1.817942619323730469e+00,2.217047847807407379e-03,1.203776597976684570e-01,1.348137855529785156e+00,2.673328854143619537e-02,1.712888479232788086e-02,1.362674117088317871e+00,-1.822798512876033783e-02,5.838993471115827560e-03,1.348224064036518177e+00,2.673759592650306466e-02,1.739169584479971498e-02,6.990464329719543457e-01,3.150303661823272705e-01,-3.518021404743194580e-01
1.799999999999999933e-01,1.824683666229248047e+00,2.350632101297378540e-03,1.202183440327644348e-01,1.348209381103515625e+00,2.671685069799423218e-02,-3.186315298080444336e-02,1.362720608711242676e+00,-1.825628429651260376e-02,-4.339085146784782410e-02,1.348390961970854951e+00,2.670483115404253399e-02,-3.167021007632189050e-02,6.985539793968200684e-01,3.146778345108032227e-01,-3.530723750591278076e-01
1.849999999999999978e-01,1.831425905227661133e+00,2.483962569385766983e-03,1.198137700557708740e-01,1.348447799682617188e+00,2.666609361767768860e-02,-8.091479539871215820e-02,1.362768411636352539e+00,-1.829558238387107849e-02,-9.253256767988204956e-02,1.348619284520766737e+00,2.666409596466988441e-02,-8.067748166344626548e-02,6.980383396148681641e-01,3.131560683250427246e-01,-3.545113801956176758e-01
1.900000000000000022e-01,1.838488817214965820e+00,2.563131973147392273e-03,1.192923709750175476e-01,1.412582397460937500e+00,1.583388075232505798e-02,-1.042798161506652832e-01,1.429837465286254883e+00,-2.973081357777118683e-02,-3.202495351433753967e-02,1.482811826558317891e+00,1.955410585422497072e-02,-5.709372146207471882e-02,7.086969017982482910e-01,-1.011084079742431641e+00,-4.901888966560363770e-01
1.950000000000000067e-01,1.845835089683532715e+00,2.645022701472043991e-03,1.189196109771728516e-01,1.469254493713378906e+00,1.637814566493034363e-02,-7.455199956893920898e-02,1.439586758613586426e+00,-3.199930861592292786e-02,-5.081298947334289551e-02,1.461837789970102941e+00,1.505520295577676693e-02,-5.861559715375921215e-02,6.972365975379943848e-01,-4.013297557830810547e-01,-4.319251179695129395e-01
2.000000000000000111e-01,1.853123664855957031e+00,2.719073323532938957e-03,1.183946952223777771e-01,1.457715034484863281e+00,1.481012441217899323e-02,-1.049831509590148926e-01,1.441186666488647461e+00,-3.204887360334396362e-02,-9.850460290908813477e-02,1.455872710408636861e+00,1.446002992483641503e-02,-1.019213852447533181e-01,6.954284310340881348e-01,-2.501758038997650146e-01,-4.162717163562774658e-01
2.050000000000000155e-01,1.860399246215820312e+00,2.790798898786306381e-03,1.176472753286361694e-01,1.455116271972656250e+00,1.434511505067348480e-02,-1.494839787483215332e-01,1.441710233688354492e+00,-3.220966830849647522e-02,-1.462595760822296143e-01,1.454857001291633312e+00,1.417471033035608285e-02,-1.486056760471906324e-01,6.955780982971191406e-01,-2.179965674877166748e-01,-4.121869206428527832e-01
2.099999999999999922e-01,1.867673039436340332e+00,2.861827844753861427e-03,1.166596710681915283e-01,1.454758644104003906e+00,1.420578919351100922e-02,-1.975208520889282227e-01,1.441827535629272461e+00,-3.228861093521118164e-02,-1.950971782207489014e-01,1.454900994984359652e+00,1.407317319467495109e-02,-1.971740366012535994e-01,6.961537003517150879e-01,-2.147192955017089844e-01,-4.110210537910461426e-01
2.149999999999999967e-01,1.874948263168334961e+00,2.932425821200013161e-03,1.154276877641677856e-01,1.455044746398925781e+00,1.411959528923034668e-02,-2.463966608047485352e-01,1.441851973533630371e+00,-3.234777972102165222e-02,-2.441731095314025879e-01,1.455200660585953765e+00,1.401424498713209343e-02,-2.461695401864160970e-01,6.967834234237670898e-01,-2.183014154434204102e-01,-4.106086790561676025e-01
2.200000000000000011e-01,1.881029963493347168e+00,2.569637726992368698e-03,1.168915405869483948e-01,1.216340065002441406e+00,-7.255762070417404175e-02,2.927705645561218262e-01,1.204538464546203613e+00,-5.526059120893478394e-02,1.538377702236175537e-01,1.210565201119197853e+00,2.938922344664501862e-03,1.573891347998372936e-01,8.343178033828735352e-01,-5.039958655834197998e-02,-5.899090766906738281e-01
2.250000000000000056e-01,1.886623620986938477e+00,2.117942087352275848e-03,1.176837235689163208e-01,1.118731498718261719e+00,-9.033913165330886841e-02,1.584365963935852051e-01,1.185529112815856934e+00,-1.428193785250186920e-02,1.156379058957099915e-01,1.218192110960083729e+00,4.969247030869486381e-02,1.053628427057192174e-01,1.019090652465820312e+00,-5.946915745735168457e-01,-4.631100893020629883e-01
2.300000000000000100e-01,1.892303586006164551e+00,1.815244555473327637e-03,1.181540638208389282e-01,1.135993003845214844e+00,-6.053950637578964233e-02,9.406805038452148438e-02,1.198505878448486328e+00,-1.404335442930459976e-02,6.423482298851013184e-02,1.246037590597235845e+00,5.105131355006178873e-02,4.611441105005387175e-02,1.020146250724792480e+00,-8.847952485084533691e-01,-5.025357604026794434e-01
2.350000000000000144e-01,1.897836565971374512e+00,1.409005373716354370e-03,1.184296831488609314e-01,1.106595993041992188e+00,-8.124783635139465332e-02,5.512386560440063477e-02,1.075488567352294922e+00,-1.210844367742538452e-01,3.729268163442611694e-02,1.043921791988516645e+00,-9.470398591207188077e-02,5.814385827708762333e-02,4.991598725318908691e-01,6.362026333808898926e-01,-4.922718554735183716e-02
2.399999999999999911e-01,1.903064250946044922e+00,9.399778209626674652e-04,1.184361428022384644e-01,1.045536994934082031e+00,-9.380551427602767944e-02,1.291930675506591797e-03,1.071775317192077637e+00,-1.202547922730445862e-01,-2.004746347665786743e-02,1.047916937777197077e+00,-9.331263389688002063e-02,-3.226223524864891418e-03,4.998195171356201172e-01,4.860684573650360107e-01,-6.960543245077133179e-02
2.449999999999999956e-01,1.908309459686279297e+00,4.741894081234931946e-04,1.181661784648895264e-01,1.049041748046875000e+00,-9.315768629312515259e-02,-5.399286746978759766e-02,1.071204185485839844e+00,-1.201969236135482788e-01,-7.007146626710891724e-02,1.049783022874969829e+00,-9.308857195113998118e-02,-5.444140967847982404e-02,4.996507167816162109e-01,4.392207562923431396e-01,-7.699597626924514771e-02
2.500000000000000000e-01,1.913560628890991211e+00,8.562579751014709473e-06,1.176485717296600342e-01,1.050233840942382812e+00,-9.312536567449569702e-02,-1.035213470458984375e-01,1.071146965026855469e+00,-1.203139871358871460e-01,-1.184592694044113159e-01,1.050474839141864569e+00,-9.316557802665327570e-02,-1.031029816255371184e-01,4.992767274379730225e-01,4.255214333534240723e-01,-8.017032593488693237e-02
2.550000000000000044e-01,1.918813943862915039e+00,-4.576835781335830688e-04,1.168893575668334961e-01,1.050662994384765625e+00,-9.324923157691955566e-02,-1.518428325653076172e-01,1.071198225021362305e+00,-1.204559504985809326e-01,-1.666094064712524414e-01,1.050856162454317344e+00,-9.329801191846748276e-02,-1.512986065978136341e-01,4.988753497600555420e-01,4.200592637062072754e-01,-8.228114247322082520e-02
2.600000000000000089e-01,1.925149083137512207e+00,-8.880002424120903015e-04,1.173130273818969727e-01,1.267027854919433594e+00,-8.606333285570144653e-02,8.473396301269531250e-02,1.150397896766662598e+00,-1.182112321257591248e-01,6.373973190784454346e-02,1.168804899112677154e+00,-8.485916656501643618e-02,5.834417057969205900e-02,6.604395508766174316e-01,-3.661053478717803955e-01,-9.944693185389041901e-03
2.650000000000000133e-01,1.930990695953369141e+00,-1.312739215791225433e-03,1.173615679144859314e-01,1.168322563171386719e+00,-8.494779467582702637e-02,9.708106517791748047e-03,1.150427460670471191e+00,-1.183080673217773438e-01,1.504641678184270859e-02,1.168119846244303872e+00,-8.502608858010921034e-02,1.017963349265168030e-02,6.602068543434143066e-01,-3.520199358463287354e-01,-7.250332273542881012e-03
2.700000000000000178e-01,1.936831474304199219e+00,-1.737867482006549835e-03,1.171661391854286194e-01,1.168155670166015625e+00,-8.502565324306488037e-02,-3.908574581146240234e-02,1.150293827056884766e+00,-1.183574795722961426e-01,-3.401440754532814026e-02,1.168208446124439082e+00,-8.507355878471085930e-02,-3.885840992777645636e-02,6.600732207298278809e-01,-3.562949001789093018e-01,-7.004729937762022018e-03
2.750000000000000222e-01,1.942457795143127441e+00,-2.146605402231216431e-03,1.167687773704528809e-01,1.125264167785644531e+00,-8.174758404493331909e-02,-7.947236299514770508e-02,1.065618276596069336e+00,-1.070428565144538879e-01,-7.551728188991546631e-02,1.040261024499698594e+00,-7.370705140750238860e-02,-5.655945614797966425e-02,7.169758081436157227e-01,4.914757609367370605e-01,9.477859735488891602e-02
2.800000000000000266e-01,1.947670102119445801e+00,-2.505807206034660339e-03,1.161763444542884827e-01,1.042461395263671875e+00,-7.184036076068878174e-02,-1.184865832328796387e-01,1.056857109069824219e+00,-1.047357991337776184e-01,-1.425997763872146606e-01,1.048734466258017806e+00,-7.004053740572722953e-02,-1.327209575134825070e-01,7.182890176773071289e-01,1.551524251699447632e-01,4.568877443671226501e-02
2.850000000000000311e-01,1.952195644378662109e+00,-2.958154305815696716e-03,1.159805506467819214e-01,9.051084518432617188e-01,-9.046941995620727539e-02,-3.915876150131225586e-02,9.303357005119323730e-01,-9.122722595930099487e-02,-6.119206547737121582e-02,8.552360201729306555e-01,-2.844797056150208392e-02,-9.164069258442340826e-03,9.403210282325744629e-01,1.598653674125671387e+00,-5.717014074325561523e-01
2.899999999999999800e-01,1.956459879875183105e+00,-3.588623367249965668e-03,1.158235669136047363e-01,8.528470993041992188e-01,-1.260938197374343872e-01,-3.139674663543701172e-02,9.060448408126831055e-01,-1.097904443740844727e-01,-4.741513356566429138e-02,8.376282216085478849e-01,-3.620579796135323103e-02,3.652481393971014623e-03,9.331090450286865234e-01,1.539489388465881348e+00,-9.681794643402099609e-01
2.949999999999999845e-01,1.960700631141662598e+00,-4.424893297255039215e-03,1.155876666307449341e-01,8.481502532958984375e-01,-1.672539860010147095e-01,-4.718005657196044922e-02,9.202485084533691406e-01,-1.318892091512680054e-01,-7.423506677150726318e-02,8.724606014679616717e-01,-6.240434215945493690e-02,-3.481205311570485100e-02,8.393732905387878418e-01,1.135174989700317383e+00,-9.833238720893859863e-01
2.999999999999999889e-01,1.965320229530334473e+00,-5.075444467365741730e-03,1.165736466646194458e-01,9.239196777343750000e-01,-1.301102340221405029e-01,1.971960067749023438e-01,8.825139999389648438e-01,-1.111676320433616638e-01,2.939985096454620361e-01,9.393704036474487262e-01,-2.648207074496583546e-02,2.765531181234859859e-01,1.184082269668579102e+00,-9.853790998458862305e-01,-9.242969751358032227e-01
