name,model,mode,joint,dt,duration,relative_qd_error_RK4
rotor_servo_0.005,rotor,servo,rearwheel_joint,0.005,0.02,23999993324280.41
rotor_servo_0.001,rotor,servo,rearwheel_joint,0.001,0.02,0.24949172569603395
rotor_servo_0.0005,rotor,servo,rearwheel_joint,0.0005,0.02,0.09588057273004744
rotor_servo_0.0001,rotor,servo,rearwheel_joint,0.0001,0.02,0.00013427969467789342
rotor_servo_5e-05,rotor,servo,rearwheel_joint,5e-05,0.02,5.343657779709437e-05
rotor_torque_-1_0.001,rotor,torque,rearwheel_joint,0.001,0.02,1.4310903398513487e-07
rotor_torque_1_0.001,rotor,torque,rearwheel_joint,0.001,0.02,1.4310903398513487e-07
bike_torque_rearwheel_joint_-1_0.001,bike,torque,rearwheel_joint,0.001,0.05,2.646171974826485e-07
bike_torque_rearwheel_joint_1_0.001,bike,torque,rearwheel_joint,0.001,0.05,1.9338094139035521e-07
bike_torque_steering_joint_-1_0.001,bike,torque,steering_joint,0.001,0.05,2.6361249971192686e-06
bike_torque_steering_joint_1_0.001,bike,torque,steering_joint,0.001,0.05,2.5376474404916054e-06
bike_torque_frontwheel_joint_-1_0.001,bike,torque,frontwheel_joint,0.001,0.05,1.9096385185548398e-07
bike_torque_frontwheel_joint_1_0.001,bike,torque,frontwheel_joint,0.001,0.05,4.570038045842313e-07
bike_torque_hip_joint_-1_0.001,bike,torque,hip_joint,0.001,0.05,4.762143069923803e-06
bike_torque_hip_joint_1_0.001,bike,torque,hip_joint,0.001,0.05,5.584256238937397e-06
bike_torque_knee_joint_-1_0.001,bike,torque,knee_joint,0.001,0.05,7.919699895455583e-06
bike_torque_knee_joint_1_0.001,bike,torque,knee_joint,0.001,0.05,6.3143861318743e-06
rotor_torque_-1_0.0001,rotor,torque,rearwheel_joint,0.0001,0.02,8.799921020022101e-07
rotor_torque_1_0.0001,rotor,torque,rearwheel_joint,0.0001,0.02,8.799921020022101e-07
bike_torque_rearwheel_joint_-1_0.0001,bike,torque,rearwheel_joint,0.0001,0.05,2.554062795661904e-06
bike_torque_rearwheel_joint_1_0.0001,bike,torque,rearwheel_joint,0.0001,0.05,1.6945567883933053e-06
bike_torque_steering_joint_-1_0.0001,bike,torque,steering_joint,0.0001,0.05,1.0044759273167364e-06
bike_torque_steering_joint_1_0.0001,bike,torque,steering_joint,0.0001,0.05,1.0244306456877575e-06
bike_torque_frontwheel_joint_-1_0.0001,bike,torque,frontwheel_joint,0.0001,0.05,2.8780120148274397e-07
bike_torque_frontwheel_joint_1_0.0001,bike,torque,frontwheel_joint,0.0001,0.05,9.175509628909855e-07
bike_torque_hip_joint_-1_0.0001,bike,torque,hip_joint,0.0001,0.05,1.6334068204182123e-05
bike_torque_hip_joint_1_0.0001,bike,torque,hip_joint,0.0001,0.05,5.1366130164322586e-06
bike_torque_knee_joint_-1_0.0001,bike,torque,knee_joint,0.0001,0.05,1.359380011733868e-05
bike_torque_knee_joint_1_0.0001,bike,torque,knee_joint,0.0001,0.05,2.9232948771903053e-05
bike_servo_rearwheel_joint_0.005,bike,servo,rearwheel_joint,0.005,0.05,1325.6367590719185
bike_servo_steering_joint_0.005,bike,servo,steering_joint,0.005,0.05,3.0332826836494964
bike_servo_hip_joint_0.005,bike,servo,hip_joint,0.005,0.05,0.006330201582886703
bike_servo_knee_joint_0.005,bike,servo,knee_joint,0.005,0.05,0.004208938629374682
bike_servo_rearwheel_joint_0.001,bike,servo,rearwheel_joint,0.001,0.05,0.23470272091136243
bike_servo_steering_joint_0.001,bike,servo,steering_joint,0.001,0.05,0.006628087318139641
bike_servo_hip_joint_0.001,bike,servo,hip_joint,0.001,0.05,0.0019086701729225345
bike_servo_knee_joint_0.001,bike,servo,knee_joint,0.001,0.05,0.0013312575940037997
bike_servo_rearwheel_joint_0.0001,bike,servo,rearwheel_joint,0.0001,0.05,7.531302775442639e-05
bike_servo_steering_joint_0.0001,bike,servo,steering_joint,0.0001,0.05,0.0007074436944981026
bike_servo_hip_joint_0.0001,bike,servo,hip_joint,0.0001,0.05,0.00019695130940419444
bike_servo_knee_joint_0.0001,bike,servo,knee_joint,0.0001,0.05,0.0001361493086837844
bike_servo_rearwheel_joint_5e-05,bike,servo,rearwheel_joint,5e-05,0.05,3.892476748167152e-05
bike_servo_steering_joint_5e-05,bike,servo,steering_joint,5e-05,0.05,0.000353841837847266
bike_servo_hip_joint_5e-05,bike,servo,hip_joint,5e-05,0.05,0.00011703534247564949
bike_servo_knee_joint_5e-05,bike,servo,knee_joint,5e-05,0.05,0.00026282683729854806
