time_s,action_steer,action_drive,action_hip,action_knee,target_steer_rad,target_drive_rad_s,target_hip_rad,target_knee_rad
0.000000000000000000e+00,9.470313787460327148e-02,-7.133644074201583862e-03,-4.705206453800201416e-01,5.306766629219055176e-01,7.576251029968261719e-02,1.191439627110958099e+01,-1.247052064538002103e+00,2.500000000000000000e+00
2.000000000000000042e-02,3.640458583831787109e-01,-2.244348526000976562e-01,-4.190877974033355713e-01,4.697681069374084473e-01,2.912366867065429576e-01,9.306781768798828125e+00,-1.241908779740333646e+00,2.500000000000000000e+00
4.000000000000000083e-02,2.600007951259613037e-01,-1.700452566146850586e-01,-3.985303044319152832e-01,7.228367328643798828e-01,2.080006361007690485e-01,9.959456920623779297e+00,-1.239853030443191617e+00,2.500000000000000000e+00
5.999999999999999778e-02,1.788721084594726562e-01,-4.716016724705696106e-02,-4.364940524101257324e-01,5.403350591659545898e-01,1.430976867675781417e-01,1.143407799303531647e+01,-1.243649405241012529e+00,2.500000000000000000e+00
8.000000000000000167e-02,-6.045486330986022949e-01,-1.489037424325942993e-01,-6.406314969062805176e-01,1.334783136844635010e-01,-4.836389064788818581e-01,1.021315509080886841e+01,-1.264063149690628052e+00,2.500000000000000000e+00
1.000000000000000056e-01,1.166997849941253662e-01,-6.342933177947998047e-01,-7.896802425384521484e-01,4.417586624622344971e-01,9.335982799530029297e-02,4.388480186462402344e+00,-1.278968024253845259e+00,2.500000000000000000e+00
1.199999999999999956e-01,5.590986609458923340e-01,-5.946505069732666016e-01,-4.975142478942871094e-01,3.869531452655792236e-01,4.472789287567138783e-01,4.864193916320800781e+00,-1.249751424789428800e+00,2.500000000000000000e+00
1.400000000000000133e-01,4.697452485561370850e-01,-3.449201211333274841e-02,-4.851103723049163818e-01,2.902032434940338135e-01,3.757961988449096680e-01,1.158609585464000702e+01,-1.248511037230491727e+00,2.500000000000000000e+00
1.600000000000000033e-01,9.041764587163925171e-02,-4.367619752883911133e-01,-4.287535250186920166e-01,5.791805386543273926e-01,7.233411669731140692e-02,6.758856296539306641e+00,-1.242875352501869202e+00,2.500000000000000000e+00
1.799999999999999933e-01,-1.423428952693939209e-01,-3.437174558639526367e-01,-4.265519976615905762e-01,3.276942670345306396e-01,-1.138743162155151367e-01,7.875390529632568359e+00,-1.242655199766159013e+00,2.500000000000000000e+00
2.000000000000000111e-01,-1.046339944005012512e-01,-1.561658680438995361e-01,-6.922475099563598633e-01,4.429714679718017578e-01,-8.370719552040101208e-02,1.012600958347320557e+01,-1.269224750995636031e+00,2.500000000000000000e+00
2.200000000000000011e-01,5.177468061447143555e-01,-3.690049350261688232e-01,-7.037248611450195312e-01,5.659387111663818359e-01,4.141974449157714844e-01,7.571940779685974121e+00,-1.270372486114502042e+00,2.500000000000000000e+00
2.399999999999999911e-01,8.559551835060119629e-01,-5.210485458374023438e-01,-8.407266736030578613e-01,3.822970688343048096e-01,6.847641468048095703e-01,5.747417449951171875e+00,-1.284072667360305786e+00,2.500000000000000000e+00
2.600000000000000089e-01,8.238197565078735352e-01,-4.236040413379669189e-01,-7.714496254920959473e-01,2.308887988328933716e-01,6.590558052062989169e-01,6.916751503944396973e+00,-1.277144962549209506e+00,2.500000000000000000e+00
2.800000000000000266e-01,8.027509450912475586e-01,-6.942561268806457520e-01,-8.006265163421630859e-01,5.012028813362121582e-01,6.422007560729980913e-01,3.668926477432250977e+00,-1.280062651634216397e+00,2.500000000000000000e+00
2.999999999999999889e-01,8.492142558097839355e-01,-6.610224843025207520e-01,-8.502336144447326660e-01,5.919065475463867188e-01,6.793714046478271928e-01,4.067730188369750977e+00,-1.285023361444473267e+00,2.500000000000000000e+00
3.200000000000000067e-01,7.897914648056030273e-01,-5.915430784225463867e-01,-8.577597141265869141e-01,6.961401104927062988e-01,6.318331718444825107e-01,4.901483058929443359e+00,-1.285775971412658647e+00,2.500000000000000000e+00
3.400000000000000244e-01,6.913421154022216797e-01,-4.329737126827239990e-01,-8.465962409973144531e-01,7.050923705101013184e-01,5.530736923217773882e-01,6.804315447807312012e+00,-1.284659624099731445e+00,2.500000000000000000e+00
3.599999999999999867e-01,8.029100894927978516e-01,-4.522446393966674805e-01,-8.745267987251281738e-01,7.702668905258178711e-01,6.423280715942383257e-01,6.573064327239990234e+00,-1.287452679872512773e+00,2.500000000000000000e+00
3.800000000000000044e-01,8.384914994239807129e-01,-4.329400062561035156e-01,-8.464779257774353027e-01,8.070385456085205078e-01,6.707931995391845925e-01,6.804719924926757812e+00,-1.284647792577743530e+00,2.500000000000000000e+00
4.000000000000000222e-01,8.801081776618957520e-01,-4.591830074787139893e-01,-8.668015599250793457e-01,8.057943582534790039e-01,7.040865421295166016e-01,6.489803910255432129e+00,-1.286680155992508068e+00,2.500000000000000000e+00
4.199999999999999845e-01,8.974478244781494141e-01,-5.340391993522644043e-01,-8.813595175743103027e-01,8.324415087699890137e-01,7.179582595825195757e-01,5.591529607772827148e+00,-1.288135951757431119e+00,2.500000000000000000e+00
4.400000000000000022e-01,8.980012536048889160e-01,-5.484339594841003418e-01,-8.536298274993896484e-01,8.029776215553283691e-01,7.184010028839111772e-01,5.418792486190795898e+00,-1.285362982749939098e+00,2.500000000000000000e+00
4.600000000000000200e-01,9.187251329421997070e-01,-5.076743960380554199e-01,-8.591668009757995605e-01,8.220939040184020996e-01,7.349801063537597656e-01,5.907907247543334961e+00,-1.285916680097580089e+00,2.500000000000000000e+00
4.799999999999999822e-01,9.244914054870605469e-01,-4.857276082038879395e-01,-8.561502099037170410e-01,7.966317534446716309e-01,7.395931243896485263e-01,6.171268701553344727e+00,-1.285615020990371837e+00,2.500000000000000000e+00
5.000000000000000000e-01,9.356043934822082520e-01,-4.529219269752502441e-01,-8.572092056274414062e-01,8.012230992317199707e-01,7.484835147857666904e-01,6.564936876296997070e+00,-1.285720920562744229e+00,2.500000000000000000e+00
5.200000000000000178e-01,9.323703050613403320e-01,-3.328030109405517578e-01,-8.568789362907409668e-01,8.180600404739379883e-01,7.458962440490722878e-01,8.006363868713378906e+00,-1.285687893629074097e+00,2.500000000000000000e+00
5.400000000000000355e-01,9.103394746780395508e-01,-2.102856487035751343e-01,-7.875127792358398438e-01,7.991629242897033691e-01,7.282715797424317294e-01,9.476572215557098389e+00,-1.278751277923583896e+00,2.500000000000000000e+00
5.600000000000000533e-01,9.045034646987915039e-01,-2.936232648789882660e-02,-7.692287564277648926e-01,8.480442762374877930e-01,7.236027717590332031e-01,1.164765208214521408e+01,-1.276922875642776400e+00,2.500000000000000000e+00
5.799999999999999600e-01,8.748435974121093750e-01,1.289291083812713623e-01,-7.048599720001220703e-01,8.519362807273864746e-01,6.998748779296875000e-01,1.354714930057525635e+01,-1.270485997200012207e+00,2.500000000000000000e+00
5.999999999999999778e-01,8.382664918899536133e-01,3.110797405242919922e-01,-6.705369353294372559e-01,8.618343472480773926e-01,6.706131935119629128e-01,1.573295688629150391e+01,-1.267053693532943726e+00,2.500000000000000000e+00
6.199999999999999956e-01,7.944691777229309082e-01,4.679670333862304688e-01,-6.295051574707031250e-01,8.572566509246826172e-01,6.355753421783447710e-01,1.761560440063476562e+01,-1.262950515747070401e+00,2.500000000000000000e+00
6.400000000000000133e-01,7.344989776611328125e-01,5.929309129714965820e-01,-6.089276671409606934e-01,8.417780399322509766e-01,5.875991821289062722e-01,1.911517095565795898e+01,-1.260892766714096114e+00,2.500000000000000000e+00
6.600000000000000311e-01,6.191772818565368652e-01,6.777591705322265625e-01,-5.641176104545593262e-01,8.510983586311340332e-01,4.953418254852295366e-01,2.013311004638671875e+01,-1.256411761045455933e+00,2.500000000000000000e+00
6.800000000000000488e-01,4.913586676120758057e-01,7.700474858283996582e-01,-4.914342761039733887e-01,8.194649815559387207e-01,3.930869340896606667e-01,2.124056982994079590e+01,-1.249143427610397428e+00,2.500000000000000000e+00
7.000000000000000666e-01,3.473840355873107910e-01,8.197860717773437500e-01,-4.982177019119262695e-01,8.421592116355895996e-01,2.779072284698486661e-01,2.183743286132812500e+01,-1.249821770191192671e+00,2.500000000000000000e+00
7.199999999999999734e-01,1.392858922481536865e-01,8.600872159004211426e-01,-4.336688816547393799e-01,8.642340898513793945e-01,1.114287137985229548e-01,2.232104659080505371e+01,-1.243366888165474027e+00,2.500000000000000000e+00
7.399999999999999911e-01,1.067878771573305130e-02,8.851911425590515137e-01,-3.843083679676055908e-01,8.682386875152587891e-01,8.543030172586441734e-03,2.262229371070861816e+01,-1.238430836796760470e+00,2.500000000000000000e+00
7.600000000000000089e-01,-1.396786570549011230e-01,9.035162329673767090e-01,-3.440831601619720459e-01,8.820855617523193359e-01,-1.117429256439209095e-01,2.284219479560852051e+01,-1.234408316016197160e+00,2.500000000000000000e+00
7.800000000000000266e-01,-2.804076373577117920e-01,9.117498397827148438e-01,-2.858737409114837646e-01,8.963240385055541992e-01,-2.243261098861694391e-01,2.294099807739257812e+01,-1.228587374091148376e+00,2.500000000000000000e+00
8.000000000000000444e-01,-3.779378235340118408e-01,9.162123203277587891e-01,-2.579435408115386963e-01,9.042963981628417969e-01,-3.023502588272095060e-01,2.299454784393310547e+01,-1.225794354081153781e+00,2.500000000000000000e+00
8.200000000000000622e-01,-3.859503269195556641e-01,9.226129055023193359e-01,-2.742664515972137451e-01,8.961201310157775879e-01,-3.087602615356445646e-01,2.307135486602783203e+01,-1.227426645159721330e+00,2.500000000000000000e+00
8.399999999999999689e-01,-4.529181718826293945e-01,9.429200887680053711e-01,-4.073655009269714355e-01,8.945682644844055176e-01,-3.623345375061035600e-01,2.331504106521606445e+01,-1.240736550092697232e+00,2.500000000000000000e+00
8.599999999999999867e-01,-4.427447617053985596e-01,9.463165402412414551e-01,-4.355105459690093994e-01,8.839079141616821289e-01,-3.541958093643188810e-01,2.335579848289489746e+01,-1.243551054596900851e+00,2.500000000000000000e+00
8.800000000000000044e-01,-3.572865426540374756e-01,9.588016271591186523e-01,-3.830327689647674561e-01,8.843314051628112793e-01,-2.858292341232299694e-01,2.350561952590942383e+01,-1.238303276896476790e+00,2.500000000000000000e+00
9.000000000000000222e-01,-4.531328380107879639e-01,9.601370096206665039e-01,-2.697926461696624756e-01,8.849593400955200195e-01,-3.625062704086303711e-01,2.352164411544799805e+01,-1.226979264616966159e+00,2.500000000000000000e+00
9.200000000000000400e-01,-4.502948820590972900e-01,9.477502703666687012e-01,-1.982323974370956421e-01,8.503854870796203613e-01,-3.602359056472778653e-01,2.337300324440002441e+01,-1.219823239743709431e+00,2.500000000000000000e+00
9.400000000000000577e-01,-4.658460915088653564e-01,9.653199315071105957e-01,-1.372860372066497803e-01,8.604363799095153809e-01,-3.726768732070923074e-01,2.358383917808532715e+01,-1.213728603720664934e+00,2.500000000000000000e+00
9.599999999999999645e-01,-5.250987410545349121e-01,9.692288041114807129e-01,3.770285472273826599e-02,8.660007715225219727e-01,-4.200789928436279297e-01,2.363074564933776855e+01,-1.135905146971344815e+00,2.500000000000000000e+00
9.799999999999999822e-01,-5.920839309692382812e-01,9.295067191123962402e-01,-1.054964959621429443e-04,7.800778150558471680e-01,-4.736671447753906250e-01,2.315408062934875488e+01,-1.200010549649596081e+00,2.500000000000000000e+00
1.000000000000000000e+00,-5.192328095436096191e-01,9.494920969009399414e-01,-6.953172385692596436e-02,8.096541166305541992e-01,-4.153862476348877397e-01,2.339390516281127930e+01,-1.206953172385692552e+00,2.500000000000000000e+00
1.020000000000000018e+00,-4.040673673152923584e-01,9.042904973030090332e-01,9.725910425186157227e-02,6.676887869834899902e-01,-3.232538938522339089e-01,2.285148596763610840e+01,-1.034659522771835372e+00,2.500000000000000000e+00
1.040000000000000036e+00,-4.223231673240661621e-01,8.900055289268493652e-01,5.343807395547628403e-03,4.487472474575042725e-01,-3.378585338592529630e-01,2.268006634712219238e+01,-1.190915527427568898e+00,2.500000000000000000e+00
1.060000000000000053e+00,-5.602431297302246094e-02,8.750777840614318848e-01,-1.602979600429534912e-01,3.040454983711242676e-01,-4.481945037841797430e-02,2.250093340873718262e+01,-1.216029796004295394e+00,2.500000000000000000e+00
1.080000000000000071e+00,-2.163082063198089600e-01,8.890008330345153809e-01,-1.245915815234184265e-01,3.932161331176757812e-01,-1.730465650558471735e-01,2.266800999641418457e+01,-1.212459158152341843e+00,2.500000000000000000e+00
1.100000000000000089e+00,-2.197305560111999512e-01,8.667021989822387695e-01,-5.480150133371353149e-02,2.840637564659118652e-01,-1.757844448089599665e-01,2.240042638778686523e+01,-1.205480150133371398e+00,2.500000000000000000e+00
1.120000000000000107e+00,-2.593653798103332520e-01,9.054667353630065918e-01,-1.156625822186470032e-01,3.043760657310485840e-01,-2.074923038482666127e-01,2.286560082435607910e+01,-1.211566258221864700e+00,2.500000000000000000e+00
1.140000000000000124e+00,-2.597989439964294434e-01,9.090209007263183594e-01,-1.076956391334533691e-01,2.694835960865020752e-01,-2.078391551971435769e-01,2.290825080871582031e+01,-1.210769563913345337e+00,2.500000000000000000e+00
1.159999999999999920e+00,-2.719277143478393555e-01,9.165456891059875488e-01,-1.746568828821182251e-01,2.722692787647247314e-01,-2.175421714782714844e-01,2.299854826927185059e+01,-1.217465688288211778e+00,2.500000000000000000e+00
1.179999999999999938e+00,-2.723431587219238281e-01,9.214341640472412109e-01,-2.395490854978561401e-01,2.476613372564315796e-01,-2.178745269775390625e-01,2.305720996856689453e+01,-1.223954908549785614e+00,2.500000000000000000e+00
1.199999999999999956e+00,-5.456673502922058105e-01,9.283679723739624023e-01,-1.768583208322525024e-01,4.364504218101501465e-01,-4.365338802337646595e-01,2.314041566848754883e+01,-1.217685832083225117e+00,2.500000000000000000e+00
1.219999999999999973e+00,-6.215559840202331543e-01,8.347564339637756348e-01,1.973171532154083252e-01,6.252049803733825684e-01,-4.972447872161865345e-01,2.201707720756530762e+01,-8.645608395338058028e-01,2.500000000000000000e+00
1.239999999999999991e+00,-4.621632993221282959e-01,8.959232568740844727e-01,5.568527579307556152e-01,4.302760660648345947e-01,-3.697306394577026811e-01,2.275107908248901367e+01,-2.533503115177154763e-01,2.500000000000000000e+00
1.260000000000000009e+00,-6.824054121971130371e-01,9.115605950355529785e-01,5.306550860404968262e-01,5.504553318023681641e-01,-5.459243297576904519e-01,2.293872714042663574e+01,-2.978863537311553511e-01,2.500000000000000000e+00
1.280000000000000027e+00,-5.147769451141357422e-01,8.972315192222595215e-01,4.699705839157104492e-01,5.447552204132080078e-01,-4.118215560913086049e-01,2.276677823066711426e+01,-4.010500073432922141e-01,2.500000000000000000e+00
1.300000000000000044e+00,-6.495606303215026855e-01,9.091688394546508789e-01,4.163896441459655762e-01,6.053302288055419922e-01,-5.196485042572022151e-01,2.291002607345581055e+01,-4.921376049518585427e-01,2.500000000000000000e+00
1.320000000000000062e+00,-6.619770526885986328e-01,8.867288231849670410e-01,4.169574975967407227e-01,5.000702738761901855e-01,-5.295816421508788840e-01,2.264074587821960449e+01,-4.911722540855407715e-01,2.500000000000000000e+00
1.340000000000000080e+00,-6.633760333061218262e-01,8.788285851478576660e-01,4.020919799804687500e-01,4.973100721836090088e-01,-5.307008266448974831e-01,2.254594302177429199e+01,-5.164436340332031472e-01,2.500000000000000000e+00
1.360000000000000098e+00,-5.589291453361511230e-01,8.720037341117858887e-01,2.330816239118576050e-01,4.782050549983978271e-01,-4.471433162689208984e-01,2.246404480934143066e+01,-8.037612393498421159e-01,2.500000000000000000e+00
1.380000000000000115e+00,-6.373477578163146973e-01,8.833168148994445801e-01,1.314473748207092285e-01,5.325511097908020020e-01,-5.098782062530518022e-01,2.259980177879333496e+01,-9.765394628047943115e-01,2.500000000000000000e+00
1.400000000000000133e+00,-7.674208283424377441e-01,8.982473015785217285e-01,1.637861579656600952e-01,5.639799833297729492e-01,-6.139366626739501953e-01,2.277896761894226074e+01,-9.215635314583778825e-01,2.500000000000000000e+00
1.419999999999999929e+00,-7.969730496406555176e-01,9.047031998634338379e-01,1.597749739885330200e-01,5.676659345626831055e-01,-6.375784397125244807e-01,2.285643839836120605e+01,-9.283825442194938438e-01,2.500000000000000000e+00
1.439999999999999947e+00,-7.609252333641052246e-01,9.228999614715576172e-01,1.522996276617050171e-01,5.434265136718750000e-01,-6.087401866912842685e-01,2.307479953765869141e+01,-9.410906329751014265e-01,2.500000000000000000e+00
1.459999999999999964e+00,-7.286239266395568848e-01,9.301714897155761719e-01,1.087759658694267273e-01,5.525218844413757324e-01,-5.828991413116455522e-01,2.316205787658691406e+01,-1.015080858021974564e+00,2.500000000000000000e+00
1.479999999999999982e+00,-6.832762956619262695e-01,9.342177510261535645e-01,5.158221349120140076e-02,5.467803478240966797e-01,-5.466210365295410822e-01,2.321061301231384277e+01,-1.112310237064957574e+00,2.500000000000000000e+00
1.500000000000000000e+00,-6.483421325683593750e-01,9.335691928863525391e-01,-2.193201892077922821e-02,4.978764951229095459e-01,-5.186737060546875444e-01,2.320283031463623047e+01,-1.202193201892077790e+00,2.500000000000000000e+00
1.520000000000000018e+00,-7.056719064712524414e-01,9.386855959892272949e-01,7.426427211612462997e-03,5.025979280471801758e-01,-5.645375251770019531e-01,2.326422715187072754e+01,-1.187375073740258857e+00,2.500000000000000000e+00
1.540000000000000036e+00,-7.506136298179626465e-01,9.300720691680908203e-01,3.605628386139869690e-02,5.956628322601318359e-01,-6.004909038543702060e-01,2.316086483001708984e+01,-1.138704317435622171e+00,2.500000000000000000e+00
1.560000000000000053e+00,-7.416858077049255371e-01,9.272575974464416504e-01,9.723687916994094849e-02,5.815494060516357422e-01,-5.933486461639404519e-01,2.312709116935729980e+01,-1.034697305411100388e+00,2.500000000000000000e+00
1.580000000000000071e+00,-7.165690660476684570e-01,9.322314858436584473e-01,1.408826708793640137e-01,5.918366909027099609e-01,-5.732552528381348322e-01,2.318677783012390137e+01,-9.604994595050810879e-01,2.500000000000000000e+00
1.600000000000000089e+00,-6.817335486412048340e-01,9.302690029144287109e-01,1.602904200553894043e-01,5.939818024635314941e-01,-5.453868389129639116e-01,2.316322803497314453e+01,-9.275062859058380571e-01,2.500000000000000000e+00
1.620000000000000107e+00,-6.548463702201843262e-01,9.316033124923706055e-01,1.525676399469375610e-01,5.922567248344421387e-01,-5.238770961761475276e-01,2.317923974990844727e+01,-9.406350120902060574e-01,2.500000000000000000e+00
1.640000000000000124e+00,-6.679382920265197754e-01,9.313902258872985840e-01,1.279138624668121338e-01,5.877359509468078613e-01,-5.343506336212158203e-01,2.317668271064758301e+01,-9.825464338064193726e-01,2.500000000000000000e+00
1.660000000000000142e+00,-6.875450015068054199e-01,9.310251474380493164e-01,1.079536303877830505e-01,5.819150805473327637e-01,-5.500360012054443803e-01,2.317230176925659180e+01,-1.016478828340768858e+00,2.500000000000000000e+00
1.679999999999999938e+00,-7.095572948455810547e-01,9.321437478065490723e-01,1.019359976053237915e-01,5.808135271072387695e-01,-5.676458358764648882e-01,2.318572497367858887e+01,-1.026708804070949554e+00,2.500000000000000000e+00
1.699999999999999956e+00,-7.207807302474975586e-01,9.319714903831481934e-01,1.084493771195411682e-01,5.776640176773071289e-01,-5.766245841979981135e-01,2.318365788459777832e+01,-1.015636058896779881e+00,2.500000000000000000e+00
1.719999999999999973e+00,-7.205106019973754883e-01,9.317051172256469727e-01,1.186094284057617188e-01,5.781853795051574707e-01,-5.764084815979003684e-01,2.318046140670776367e+01,-9.983639717102050781e-01,2.500000000000000000e+00
1.739999999999999991e+00,-7.135398983955383301e-01,9.313142299652099609e-01,1.283224821090698242e-01,5.788472890853881836e-01,-5.708319187164306863e-01,2.317577075958251953e+01,-9.818517804145812100e-01,2.500000000000000000e+00
1.760000000000000009e+00,-7.070473432540893555e-01,9.310542941093444824e-01,1.326338201761245728e-01,5.799348950386047363e-01,-5.656378746032715288e-01,2.317265152931213379e+01,-9.745225057005881819e-01,2.500000000000000000e+00
1.780000000000000027e+00,-7.031269073486328125e-01,9.309126734733581543e-01,1.310628652572631836e-01,5.801821947097778320e-01,-5.625015258789062278e-01,2.317095208168029785e+01,-9.771931290626525435e-01,2.500000000000000000e+00
1.800000000000000044e+00,-7.033592462539672852e-01,9.309419989585876465e-01,1.270751059055328369e-01,5.797345638275146484e-01,-5.626873970031738281e-01,2.317130398750305176e+01,-9.839723199605940884e-01,2.500000000000000000e+00
1.820000000000000062e+00,-7.069694399833679199e-01,9.310199618339538574e-01,1.232355311512947083e-01,5.789955854415893555e-01,-5.655755519866944026e-01,2.317223954200744629e+01,-9.904995970427989960e-01,2.500000000000000000e+00
1.840000000000000080e+00,-7.107359766960144043e-01,9.310352206230163574e-01,1.213040351867675781e-01,5.784513950347900391e-01,-5.685887813568115678e-01,2.317242264747619629e+01,-9.937831401824950284e-01,2.500000000000000000e+00
1.860000000000000098e+00,-7.128562331199645996e-01,9.310499429702758789e-01,1.219794303178787231e-01,5.780366659164428711e-01,-5.702849864959717019e-01,2.317259931564331055e+01,-9.926349684596060818e-01,2.500000000000000000e+00
1.880000000000000115e+00,-7.133908867835998535e-01,9.310036897659301758e-01,1.237559318542480469e-01,5.781461596488952637e-01,-5.707127094268799050e-01,2.317204427719116211e+01,-9.896149158477782759e-01,2.500000000000000000e+00
1.900000000000000133e+00,-7.124298810958862305e-01,9.308629035949707031e-01,1.257483959197998047e-01,5.781818628311157227e-01,-5.699439048767089844e-01,2.317035484313964844e+01,-9.862277269363403098e-01,2.500000000000000000e+00
1.919999999999999929e+00,-7.109451889991760254e-01,9.308374524116516113e-01,1.267808228731155396e-01,5.784375071525573730e-01,-5.687561511993408647e-01,2.317004942893981934e+01,-9.844726011157035606e-01,2.500000000000000000e+00
1.939999999999999947e+00,-7.099806666374206543e-01,9.308403134346008301e-01,1.266534179449081421e-01,5.785527229309082031e-01,-5.679845333099365901e-01,2.317008376121520996e+01,-9.846891894936561362e-01,2.500000000000000000e+00
1.959999999999999964e+00,-7.098755240440368652e-01,9.308291077613830566e-01,1.259233653545379639e-01,5.784962177276611328e-01,-5.679004192352294922e-01,2.316994929313659668e+01,-9.859302788972854614e-01,2.500000000000000000e+00
1.979999999999999982e+00,-7.104111313819885254e-01,9.308315515518188477e-01,1.252276748418807983e-01,5.784174799919128418e-01,-5.683289051055908647e-01,2.316997861862182617e+01,-9.871129527688026206e-01,2.500000000000000000e+00
2.000000000000000000e+00,-7.111354470252990723e-01,9.308534860610961914e-01,1.247743666172027588e-01,5.782229304313659668e-01,-5.689083576202392800e-01,2.317024183273315430e+01,-9.878835767507552212e-01,2.500000000000000000e+00
2.020000000000000018e+00,-7.116798758506774902e-01,9.308388233184814453e-01,1.248189583420753479e-01,5.781424045562744141e-01,-5.693439006805419700e-01,2.317006587982177734e+01,-9.878077708184718198e-01,2.500000000000000000e+00
2.040000000000000036e+00,-7.116374969482421875e-01,9.308584332466125488e-01,1.249979883432388306e-01,5.781254172325134277e-01,-5.693099975585937944e-01,2.317030119895935059e+01,-9.875034198164939214e-01,2.500000000000000000e+00
2.060000000000000053e+00,-7.115574479103088379e-01,9.308521151542663574e-01,1.253026425838470459e-01,5.781654119491577148e-01,-5.692459583282470925e-01,2.317022538185119629e+01,-9.869855076074599554e-01,2.500000000000000000e+00
2.080000000000000071e+00,-7.113886475563049316e-01,9.308166503906250000e-01,1.254512965679168701e-01,5.781451463699340820e-01,-5.691109180450439897e-01,2.316979980468750000e+01,-9.867327958345413208e-01,2.500000000000000000e+00
2.100000000000000089e+00,-7.112304568290710449e-01,9.308194518089294434e-01,1.254156827926635742e-01,5.781338810920715332e-01,-5.689843654632568137e-01,2.316983342170715332e+01,-9.867933392524719238e-01,2.500000000000000000e+00
2.120000000000000107e+00,-7.109830379486083984e-01,9.308611154556274414e-01,1.250737011432647705e-01,5.782186985015869141e-01,-5.687864303588867632e-01,2.317033338546752930e+01,-9.873747080564498901e-01,2.500000000000000000e+00
2.140000000000000124e+00,-7.111552357673645020e-01,9.308586716651916504e-01,1.250891834497451782e-01,5.781683921813964844e-01,-5.689241886138916016e-01,2.317030405998229980e+01,-9.873483881354331304e-01,2.500000000000000000e+00
2.160000000000000142e+00,-7.114329338073730469e-01,9.308294653892517090e-01,1.250461488962173462e-01,5.782383084297180176e-01,-5.691463470458985041e-01,2.316995358467102051e+01,-9.874215468764304671e-01,2.500000000000000000e+00
2.180000000000000160e+00,-7.113649249076843262e-01,9.308192729949951172e-01,1.252191066741943359e-01,5.781581997871398926e-01,-5.690919399261474831e-01,2.316983127593994141e+01,-9.871275186538696067e-01,2.500000000000000000e+00
2.200000000000000178e+00,-7.113134264945983887e-01,9.308657050132751465e-01,1.251977831125259399e-01,5.781722068786621094e-01,-5.690507411956787776e-01,2.317038846015930176e+01,-9.871637687087058133e-01,2.500000000000000000e+00
2.220000000000000195e+00,-7.113139629364013672e-01,9.308358430862426758e-01,1.251993477344512939e-01,5.782406926155090332e-01,-5.690511703491211160e-01,2.317003011703491211e+01,-9.871611088514327115e-01,2.500000000000000000e+00
2.240000000000000213e+00,-7.111675143241882324e-01,9.308320283889770508e-01,1.252842396497726440e-01,5.781912803649902344e-01,-5.689340114593506303e-01,2.316998434066772461e+01,-9.870167925953864385e-01,2.500000000000000000e+00
2.260000000000000231e+00,-7.112680077552795410e-01,9.308339953422546387e-01,1.253581345081329346e-01,5.781857967376708984e-01,-5.690144062042236106e-01,2.317000794410705566e+01,-9.868911713361739890e-01,2.500000000000000000e+00
2.280000000000000249e+00,-7.112257480621337891e-01,9.308460354804992676e-01,1.252830475568771362e-01,5.780819654464721680e-01,-5.689805984497070535e-01,2.317015242576599121e+01,-9.870188191533088018e-01,2.500000000000000000e+00
2.300000000000000266e+00,-7.111619114875793457e-01,9.308559298515319824e-01,1.251114159822463989e-01,5.782036185264587402e-01,-5.689295291900634544e-01,2.317027115821838379e+01,-9.873105928301810774e-01,2.500000000000000000e+00
2.319999999999999840e+00,-7.112268805503845215e-01,9.308606982231140137e-01,1.250758916139602661e-01,5.781067609786987305e-01,-5.689815044403075950e-01,2.317032837867736816e+01,-9.873709842562674588e-01,2.500000000000000000e+00
2.339999999999999858e+00,-7.114239931106567383e-01,9.308488965034484863e-01,1.249780729413032532e-01,5.782640576362609863e-01,-5.691391944885254572e-01,2.317018675804138184e+01,-9.875372759997844696e-01,2.500000000000000000e+00
2.359999999999999876e+00,-7.112925648689270020e-01,9.308412671089172363e-01,1.250712722539901733e-01,5.782214999198913574e-01,-5.690340518951416682e-01,2.317009520530700684e+01,-9.873788371682166165e-01,2.500000000000000000e+00
2.379999999999999893e+00,-7.113767862319946289e-01,9.308385252952575684e-01,1.253169327974319458e-01,5.782051682472229004e-01,-5.691014289855956809e-01,2.317006230354309082e+01,-9.869612142443656699e-01,2.500000000000000000e+00
2.399999999999999911e+00,-7.112944126129150391e-01,9.308267235755920410e-01,1.253603696823120117e-01,5.781865119934082031e-01,-5.690355300903320312e-01,2.316992068290710449e+01,-9.868873715400695579e-01,2.500000000000000000e+00
2.419999999999999929e+00,-7.111327648162841797e-01,9.308323860168457031e-01,1.253645867109298706e-01,5.780986547470092773e-01,-5.689062118530273660e-01,2.316998863220214844e+01,-9.868802025914191756e-01,2.500000000000000000e+00
2.439999999999999947e+00,-7.111085653305053711e-01,9.308815598487854004e-01,1.251086592674255371e-01,5.781384706497192383e-01,-5.688868522644042747e-01,2.317057871818542480e+01,-9.873152792453765425e-01,2.500000000000000000e+00
2.459999999999999964e+00,-7.112946510314941406e-01,9.308410286903381348e-01,1.248426660895347595e-01,5.781808495521545410e-01,-5.690357208251953791e-01,2.317009234428405762e+01,-9.877674676477908866e-01,2.500000000000000000e+00
2.479999999999999982e+00,-7.113837599754333496e-01,9.308167695999145508e-01,1.248645782470703125e-01,5.781756043434143066e-01,-5.691070079803467463e-01,2.316980123519897461e+01,-9.877302169799804243e-01,2.500000000000000000e+00
2.500000000000000000e+00,-7.113525271415710449e-01,9.308269619941711426e-01,1.248852908611297607e-01,5.781854391098022461e-01,-5.690820217132568359e-01,2.316992354393005371e+01,-9.876950055360793623e-01,2.500000000000000000e+00
2.520000000000000018e+00,-7.112415432929992676e-01,9.308701753616333008e-01,1.249447837471961975e-01,5.781786441802978516e-01,-5.689932346343994363e-01,2.317044210433959961e+01,-9.875938676297664198e-01,2.500000000000000000e+00
2.540000000000000036e+00,-7.112753987312316895e-01,9.308552145957946777e-01,1.250794678926467896e-01,5.782443881034851074e-01,-5.690203189849853960e-01,2.317026257514953613e+01,-9.873649045825003689e-01,2.500000000000000000e+00
2.560000000000000053e+00,-7.111374139785766602e-01,9.308521747589111328e-01,1.251732409000396729e-01,5.781434178352355957e-01,-5.689099311828613725e-01,2.317022609710693359e+01,-9.872054904699325562e-01,2.500000000000000000e+00
2.580000000000000071e+00,-7.112061977386474609e-01,9.308506250381469727e-01,1.252710670232772827e-01,5.781419277191162109e-01,-5.689649581909179688e-01,2.317020750045776367e+01,-9.870391860604286194e-01,2.500000000000000000e+00
2.600000000000000089e+00,-7.111586928367614746e-01,9.308461546897888184e-01,1.252745091915130615e-01,5.781797766685485840e-01,-5.689269542694092019e-01,2.317015385627746582e+01,-9.870333343744277510e-01,2.500000000000000000e+00
2.620000000000000107e+00,-7.112038731575012207e-01,9.308366179466247559e-01,1.252850890159606934e-01,5.781939625740051270e-01,-5.689630985260010210e-01,2.317003941535949707e+01,-9.870153486728667769e-01,2.500000000000000000e+00
2.640000000000000124e+00,-7.112169265747070312e-01,9.308410286903381348e-01,1.252516806125640869e-01,5.781815052032470703e-01,-5.689735412597656250e-01,2.317009234428405762e+01,-9.870721429586409856e-01,2.500000000000000000e+00
2.660000000000000142e+00,-7.111565470695495605e-01,9.308470487594604492e-01,1.251076608896255493e-01,5.782815814018249512e-01,-5.689252376556396262e-01,2.317016458511352539e+01,-9.873169764876364995e-01,2.500000000000000000e+00
2.680000000000000160e+00,-7.111622691154479980e-01,9.308521747589111328e-01,1.251467019319534302e-01,5.781086087226867676e-01,-5.689298152923584206e-01,2.317022609710693359e+01,-9.872506067156791021e-01,2.500000000000000000e+00
2.700000000000000178e+00,-7.113520503044128418e-01,9.308663010597229004e-01,1.249853596091270447e-01,5.782262086868286133e-01,-5.690816402435302512e-01,2.317039561271667480e+01,-9.875248886644839574e-01,2.500000000000000000e+00
2.720000000000000195e+00,-7.112758159637451172e-01,9.308362007141113281e-01,1.251101195812225342e-01,5.782843232154846191e-01,-5.690206527709961160e-01,2.317003440856933594e+01,-9.873127967119216253e-01,2.500000000000000000e+00
2.740000000000000213e+00,-7.113261222839355469e-01,9.308450818061828613e-01,1.253453344106674194e-01,5.782365798950195312e-01,-5.690608978271484153e-01,2.317014098167419434e+01,-9.869129315018653203e-01,2.500000000000000000e+00
2.760000000000000231e+00,-7.113203406333923340e-01,9.308213591575622559e-01,1.254807710647583008e-01,5.782250761985778809e-01,-5.690562725067138672e-01,2.316985630989074707e+01,-9.866826891899108665e-01,2.500000000000000000e+00
2.780000000000000249e+00,-7.111396193504333496e-01,9.308459162712097168e-01,1.256066411733627319e-01,5.781156420707702637e-01,-5.689116954803467019e-01,2.317015099525451660e+01,-9.864687100052833557e-01,2.500000000000000000e+00
2.800000000000000266e+00,-7.111815810203552246e-01,9.308488965034484863e-01,1.254627853631973267e-01,5.781574845314025879e-01,-5.689452648162841575e-01,2.317018675804138184e+01,-9.867132648825645003e-01,2.500000000000000000e+00
2.819999999999999840e+00,-7.111924886703491211e-01,9.308205246925354004e-01,1.253245919942855835e-01,5.780135989189147949e-01,-5.689539909362792969e-01,2.316984629631042480e+01,-9.869481936097144192e-01,2.500000000000000000e+00
2.839999999999999858e+00,-7.111689448356628418e-01,9.308513402938842773e-01,1.250571459531784058e-01,5.781446099281311035e-01,-5.689351558685302734e-01,2.317021608352661133e+01,-9.874028518795966436e-01,2.500000000000000000e+00
2.859999999999999876e+00,-7.112718224525451660e-01,9.308676719665527344e-01,1.249212771654129028e-01,5.781277418136596680e-01,-5.690174579620361772e-01,2.317041206359863281e+01,-9.876338288187980208e-01,2.500000000000000000e+00
2.879999999999999893e+00,-7.115324139595031738e-01,9.308326244354248047e-01,1.249513030052185059e-01,5.781955122947692871e-01,-5.692259311676025613e-01,2.316999149322509766e+01,-9.875827848911284956e-01,2.500000000000000000e+00
2.899999999999999911e+00,-7.114781737327575684e-01,9.308075904846191406e-01,1.251180171966552734e-01,5.781159400939941406e-01,-5.691825389862060769e-01,2.316969108581542969e+01,-9.872993707656859685e-01,2.500000000000000000e+00
2.919999999999999929e+00,-7.112744450569152832e-01,9.308755993843078613e-01,1.251688450574874878e-01,5.781963467597961426e-01,-5.690195560455322266e-01,2.317050719261169434e+01,-9.872129634022712708e-01,2.500000000000000000e+00
2.939999999999999947e+00,-7.112974524497985840e-01,9.308623075485229492e-01,1.252500414848327637e-01,5.782524347305297852e-01,-5.690379619598389116e-01,2.317034769058227539e+01,-9.870749294757842351e-01,2.500000000000000000e+00
2.959999999999999964e+00,-7.112949490547180176e-01,9.307969808578491211e-01,1.254361867904663086e-01,5.782710909843444824e-01,-5.690359592437744807e-01,2.316956377029418945e+01,-9.867584824562072310e-01,2.500000000000000000e+00
2.979999999999999982e+00,-7.111671566963195801e-01,9.308034181594848633e-01,1.255818307399749756e-01,5.781047940254211426e-01,-5.689337253570556641e-01,2.316964101791381836e+01,-9.865108877420425415e-01,2.500000000000000000e+00
3.000000000000000000e+00,-7.111346721649169922e-01,9.308761358261108398e-01,1.252560764551162720e-01,5.781895518302917480e-01,-5.689077377319335938e-01,2.317051362991333008e+01,-9.870646700263022710e-01,2.500000000000000000e+00
3.020000000000000018e+00,-7.111528515815734863e-01,9.308418631553649902e-01,1.251174956560134888e-01,5.782721638679504395e-01,-5.689222812652587891e-01,2.317010235786437988e+01,-9.873002573847770025e-01,2.500000000000000000e+00
3.040000000000000036e+00,-7.112580537796020508e-01,9.308398962020874023e-01,1.252323836088180542e-01,5.781598091125488281e-01,-5.690064430236816406e-01,2.317007875442504883e+01,-9.871049478650092412e-01,2.500000000000000000e+00
3.060000000000000053e+00,-7.114301919937133789e-01,9.308503270149230957e-01,1.251700222492218018e-01,5.781999230384826660e-01,-5.691441535949707253e-01,2.317020392417907715e+01,-9.872109621763228704e-01,2.500000000000000000e+00
3.080000000000000071e+00,-7.112879157066345215e-01,9.308350682258605957e-01,1.252158731222152710e-01,5.781355500221252441e-01,-5.690303325653076616e-01,2.317002081871032715e+01,-9.871330156922339949e-01,2.500000000000000000e+00
3.100000000000000089e+00,-7.113503217697143555e-01,9.308504462242126465e-01,1.253225356340408325e-01,5.781804919242858887e-01,-5.690802574157715066e-01,2.317020535469055176e+01,-9.869516894221305181e-01,2.500000000000000000e+00
3.120000000000000107e+00,-7.112884521484375000e-01,9.308312535285949707e-01,1.253249496221542358e-01,5.782409310340881348e-01,-5.690307617187500000e-01,2.316997504234313965e+01,-9.869475856423377547e-01,2.500000000000000000e+00
3.140000000000000124e+00,-7.112784981727600098e-01,9.308258891105651855e-01,1.253987252712249756e-01,5.780912041664123535e-01,-5.690227985382080300e-01,2.316991066932678223e+01,-9.868221670389174527e-01,2.500000000000000000e+00
3.160000000000000142e+00,-7.112635374069213867e-01,9.308416843414306641e-01,1.252683699131011963e-01,5.781903266906738281e-01,-5.690108299255370872e-01,2.317010021209716797e+01,-9.870437711477278997e-01,2.500000000000000000e+00
3.180000000000000160e+00,-7.111860513687133789e-01,9.308457374572753906e-01,1.251755356788635254e-01,5.781672596931457520e-01,-5.689488410949706809e-01,2.317014884948730469e+01,-9.872015893459319402e-01,2.500000000000000000e+00
3.200000000000000178e+00,-7.112585306167602539e-01,9.308567643165588379e-01,1.252169460058212280e-01,5.781722664833068848e-01,-5.690068244934082253e-01,2.317028117179870605e+01,-9.871311917901038901e-01,2.500000000000000000e+00
3.220000000000000195e+00,-7.113897800445556641e-01,9.308458566665649414e-01,1.252664923667907715e-01,5.781587362289428711e-01,-5.691118240356445312e-01,2.317015027999877930e+01,-9.870469629764556663e-01,2.500000000000000000e+00
3.240000000000000213e+00,-7.114359140396118164e-01,9.308341741561889648e-01,1.252764016389846802e-01,5.782520174980163574e-01,-5.691487312316895197e-01,2.317001008987426758e+01,-9.870301172137260215e-01,2.500000000000000000e+00
3.260000000000000231e+00,-7.113505005836486816e-01,9.307962656021118164e-01,1.254229396581649780e-01,5.782757401466369629e-01,-5.690804004669189897e-01,2.316955518722534180e+01,-9.867810025811194485e-01,2.500000000000000000e+00
3.280000000000000249e+00,-7.112133502960205078e-01,9.308218955993652344e-01,1.255500763654708862e-01,5.781685709953308105e-01,-5.689706802368164062e-01,2.316986274719238281e+01,-9.865648701786994268e-01,2.500000000000000000e+00
3.300000000000000266e+00,-7.112289071083068848e-01,9.308390021324157715e-01,1.254031211137771606e-01,5.782184004783630371e-01,-5.689831256866455522e-01,2.317006802558898926e+01,-9.868146941065787381e-01,2.500000000000000000e+00
3.320000000000000284e+00,-7.112496495246887207e-01,9.308205246925354004e-01,1.253443062305450439e-01,5.781371593475341797e-01,-5.689997196197510432e-01,2.316984629631042480e+01,-9.869146794080734253e-01,2.500000000000000000e+00
3.339999999999999858e+00,-7.113316655158996582e-01,9.308238625526428223e-01,1.252623051404953003e-01,5.781463384628295898e-01,-5.690653324127197266e-01,2.316988635063171387e+01,-9.870540812611579007e-01,2.500000000000000000e+00
3.359999999999999876e+00,-7.112896442413330078e-01,9.308497309684753418e-01,1.250963807106018066e-01,5.782035589218139648e-01,-5.690317153930664062e-01,2.317019677162170410e+01,-9.873361527919768399e-01,2.500000000000000000e+00
3.379999999999999893e+00,-7.114341259002685547e-01,9.308107495307922363e-01,1.252745985984802246e-01,5.781916379928588867e-01,-5.691473007202149104e-01,2.316972899436950684e+01,-9.870331823825835293e-01,2.500000000000000000e+00
3.399999999999999911e+00,-7.114514112472534180e-01,9.308300614356994629e-01,1.253582835197448730e-01,5.781555175781250000e-01,-5.691611289978028010e-01,2.316996073722839355e+01,-9.868909180164336936e-01,2.500000000000000000e+00
3.419999999999999929e+00,-7.113081216812133789e-01,9.308208823204040527e-01,1.252560764551162720e-01,5.782710909843444824e-01,-5.690464973449707031e-01,2.316985058784484863e+01,-9.870646700263022710e-01,2.500000000000000000e+00
3.439999999999999947e+00,-7.111645340919494629e-01,9.308286905288696289e-01,1.253967136144638062e-01,5.780912041664123535e-01,-5.689316272735596147e-01,2.316994428634643555e+01,-9.868255868554114407e-01,2.500000000000000000e+00
3.459999999999999964e+00,-7.113093733787536621e-01,9.308269619941711426e-01,1.253299415111541748e-01,5.782358646392822266e-01,-5.690474987030029741e-01,2.316992354393005371e+01,-9.869390994310378584e-01,2.500000000000000000e+00
3.479999999999999982e+00,-7.111677527427673340e-01,9.308426976203918457e-01,1.252468824386596680e-01,5.780626535415649414e-01,-5.689342021942138672e-01,2.317011237144470215e+01,-9.870802998542784756e-01,2.500000000000000000e+00
3.500000000000000000e+00,-7.112848162651062012e-01,9.308505058288574219e-01,1.251301616430282593e-01,5.782508254051208496e-01,-5.690278530120850276e-01,2.317020606994628906e+01,-9.872787252068518926e-01,2.500000000000000000e+00
3.520000000000000018e+00,-7.112876772880554199e-01,9.308364987373352051e-01,1.251208931207656860e-01,5.781332850456237793e-01,-5.690301418304443137e-01,2.317003798484802246e+01,-9.872944816946982449e-01,2.500000000000000000e+00
3.540000000000000036e+00,-7.113834023475646973e-01,9.308456182479858398e-01,1.250795871019363403e-01,5.782513022422790527e-01,-5.691067218780517800e-01,2.317014741897583008e+01,-9.873647019267082214e-01,2.500000000000000000e+00
3.560000000000000053e+00,-7.113394737243652344e-01,9.308415651321411133e-01,1.251485943794250488e-01,5.782005786895751953e-01,-5.690715789794922319e-01,2.317009878158569336e+01,-9.872473895549773726e-01,2.500000000000000000e+00
3.580000000000000071e+00,-7.114076018333435059e-01,9.308273196220397949e-01,1.252542883157730103e-01,5.782808065414428711e-01,-5.691260814666748713e-01,2.316992783546447754e+01,-9.870677098631858160e-01,2.500000000000000000e+00
3.600000000000000089e+00,-7.112293839454650879e-01,9.308310747146606445e-01,1.254037022590637207e-01,5.781573057174682617e-01,-5.689835071563721369e-01,2.316997289657592773e+01,-9.868137061595916304e-01,2.500000000000000000e+00
3.620000000000000107e+00,-7.112066745758056641e-01,9.308655261993408203e-01,1.253608912229537964e-01,5.782198309898376465e-01,-5.689653396606445535e-01,2.317038631439208984e+01,-9.868864849209785239e-01,2.500000000000000000e+00
3.640000000000000124e+00,-7.112451195716857910e-01,9.308234453201293945e-01,1.254773586988449097e-01,5.781577229499816895e-01,-5.689960956573486550e-01,2.316988134384155273e+01,-9.866884902119635870e-01,2.500000000000000000e+00
3.660000000000000142e+00,-7.112051844596862793e-01,9.308379888534545898e-01,1.253561526536941528e-01,5.781718492507934570e-01,-5.689641475677490456e-01,2.317005586624145508e+01,-9.868945404887199402e-01,2.500000000000000000e+00
3.680000000000000160e+00,-7.112551331520080566e-01,9.308343529701232910e-01,1.252167820930480957e-01,5.782165527343750000e-01,-5.690041065216064897e-01,2.317001223564147949e+01,-9.871314704418181485e-01,2.500000000000000000e+00
3.700000000000000178e+00,-7.112923264503479004e-01,9.308341741561889648e-01,1.252589523792266846e-01,5.781709551811218262e-01,-5.690338611602783203e-01,2.317001008987426758e+01,-9.870597809553145474e-01,2.500000000000000000e+00
3.720000000000000195e+00,-7.112876772880554199e-01,9.308446645736694336e-01,1.251125931739807129e-01,5.782526731491088867e-01,-5.690301418304443137e-01,2.317013597488403320e+01,-9.873085916042327881e-01,2.500000000000000000e+00
3.740000000000000213e+00,-7.112679481506347656e-01,9.308435320854187012e-01,1.252353638410568237e-01,5.780885219573974609e-01,-5.690143585205078569e-01,2.317012238502502441e+01,-9.870998814702033330e-01,2.500000000000000000e+00
3.760000000000000231e+00,-7.113945484161376953e-01,9.308545589447021484e-01,1.251331567764282227e-01,5.781655907630920410e-01,-5.691156387329101562e-01,2.317025470733642578e+01,-9.872736334800720215e-01,2.500000000000000000e+00
3.780000000000000249e+00,-7.112875580787658691e-01,9.308631420135498047e-01,1.251762807369232178e-01,5.782719850540161133e-01,-5.690300464630126953e-01,2.317035770416259766e+01,-9.872003227472304632e-01,2.500000000000000000e+00
3.800000000000000266e+00,-7.113445997238159180e-01,9.308248758316040039e-01,1.253812611103057861e-01,5.783134698867797852e-01,-5.690756797790527122e-01,2.316989850997924805e+01,-9.868518561124801636e-01,2.500000000000000000e+00
3.820000000000000284e+00,-7.113559246063232422e-01,9.307913184165954590e-01,1.257171779870986938e-01,5.781450271606445312e-01,-5.690847396850585715e-01,2.316949582099914551e+01,-9.862807974219321983e-01,2.500000000000000000e+00
3.839999999999999858e+00,-7.111948728561401367e-01,9.308430552482604980e-01,1.255311071872711182e-01,5.781696438789367676e-01,-5.689558982849121094e-01,2.317011666297912598e+01,-9.865971177816390547e-01,2.500000000000000000e+00
3.859999999999999876e+00,-7.110747098922729492e-01,9.308434724807739258e-01,1.253749281167984009e-01,5.782094001770019531e-01,-5.688597679138184260e-01,2.317012166976928711e+01,-9.868626222014427185e-01,2.500000000000000000e+00
3.879999999999999893e+00,-7.111513018608093262e-01,9.308403134346008301e-01,1.253732591867446899e-01,5.781784653663635254e-01,-5.689210414886475276e-01,2.317008376121520996e+01,-9.868654593825340049e-01,2.500000000000000000e+00
3.899999999999999911e+00,-7.113887667655944824e-01,9.308412075042724609e-01,1.252290308475494385e-01,5.781974792480468750e-01,-5.691110134124756081e-01,2.317009449005126953e+01,-9.871106475591658880e-01,2.500000000000000000e+00
3.919999999999999929e+00,-7.114078998565673828e-01,9.308309555053710938e-01,1.252411603927612305e-01,5.781706571578979492e-01,-5.691263198852539729e-01,2.316997146606445312e+01,-9.870900273323058860e-01,2.500000000000000000e+00
3.939999999999999947e+00,-7.114068865776062012e-01,9.308454990386962891e-01,1.252649575471878052e-01,5.782429575920104980e-01,-5.691255092620849387e-01,2.317014598846435547e+01,-9.870495721697807312e-01,2.500000000000000000e+00
3.959999999999999964e+00,-7.113706469535827637e-01,9.308104515075683594e-01,1.253620386123657227e-01,5.781898498535156250e-01,-5.690965175628662776e-01,2.316972541809082031e+01,-9.868845343589782715e-01,2.500000000000000000e+00
3.979999999999999982e+00,-7.112939357757568359e-01,9.308469295501708984e-01,1.254180818796157837e-01,5.782048106193542480e-01,-5.690351486206054465e-01,2.317016315460205078e+01,-9.867892608046531233e-01,2.500000000000000000e+00
4.000000000000000000e+00,-7.113021016120910645e-01,9.308210015296936035e-01,1.254048794507980347e-01,5.783562660217285156e-01,-5.690416812896729182e-01,2.316985201835632324e+01,-9.868117049336433411e-01,2.500000000000000000e+00
4.020000000000000462e+00,-7.112790346145629883e-01,9.307909607887268066e-01,1.256726086139678955e-01,5.780872702598571777e-01,-5.690232276916503684e-01,2.316949152946472168e+01,-9.863565653562544888e-01,2.500000000000000000e+00
4.040000000000000036e+00,-7.113181352615356445e-01,9.308355450630187988e-01,1.254009157419204712e-01,5.782458186149597168e-01,-5.690545082092285378e-01,2.317002654075622559e+01,-9.868184432387351324e-01,2.500000000000000000e+00
4.060000000000000497e+00,-7.111563086509704590e-01,9.308344721794128418e-01,1.253283619880676270e-01,5.781785845756530762e-01,-5.689250469207763894e-01,2.317001366615295410e+01,-9.869417846202850342e-01,2.500000000000000000e+00
4.080000000000000071e+00,-7.113347053527832031e-01,9.308271408081054688e-01,1.253757178783416748e-01,5.781601667404174805e-01,-5.690677642822266069e-01,2.316992568969726562e+01,-9.868612796068191306e-01,2.500000000000000000e+00
4.099999999999999645e+00,-7.114867568016052246e-01,9.308189749717712402e-01,1.253288835287094116e-01,5.781348943710327148e-01,-5.691894054412841575e-01,2.316982769966125488e+01,-9.869408980011940002e-01,2.500000000000000000e+00
4.120000000000000107e+00,-7.113282084465026855e-01,9.308239817619323730e-01,1.252702921628952026e-01,5.781429409980773926e-01,-5.690625667572021262e-01,2.316988778114318848e+01,-9.870405033230781333e-01,2.500000000000000000e+00
4.139999999999999680e+00,-7.113119363784790039e-01,9.308456778526306152e-01,1.252708733081817627e-01,5.781710743904113770e-01,-5.690495491027832697e-01,2.317014813423156738e+01,-9.870395153760909146e-01,2.500000000000000000e+00
4.160000000000000142e+00,-7.114054560661315918e-01,9.308186769485473633e-01,1.253221482038497925e-01,5.782060027122497559e-01,-5.691243648529052956e-01,2.316982412338256836e+01,-9.869523480534553306e-01,2.500000000000000000e+00
4.179999999999999716e+00,-7.113407850265502930e-01,9.308335781097412109e-01,1.253483593463897705e-01,5.781808495521545410e-01,-5.690726280212402566e-01,2.317000293731689453e+01,-9.869077891111373013e-01,2.500000000000000000e+00
4.200000000000000178e+00,-7.113516926765441895e-01,9.308177232742309570e-01,1.253661811351776123e-01,5.782267451286315918e-01,-5.690813541412353960e-01,2.316981267929077148e+01,-9.868774920701980369e-01,2.500000000000000000e+00
4.219999999999999751e+00,-7.112325429916381836e-01,9.307990074157714844e-01,1.255528032779693604e-01,5.781033039093017578e-01,-5.689860343933105247e-01,2.316958808898925781e+01,-9.865602344274519986e-01,2.500000000000000000e+00
4.240000000000000213e+00,-7.112707495689392090e-01,9.308598637580871582e-01,1.253313124179840088e-01,5.780714750289916992e-01,-5.690165996551513894e-01,2.317031836509704590e+01,-9.869367688894271629e-01,2.500000000000000000e+00
4.259999999999999787e+00,-7.112882733345031738e-01,9.308516979217529297e-01,1.250547915697097778e-01,5.781661272048950195e-01,-5.690306186676025169e-01,2.317022037506103516e+01,-9.874068543314933333e-01,2.500000000000000000e+00
4.280000000000000249e+00,-7.112870812416076660e-01,9.308417439460754395e-01,1.250228136777877808e-01,5.781551599502563477e-01,-5.690296649932861106e-01,2.317010092735290527e+01,-9.874612167477607727e-01,2.500000000000000000e+00
4.299999999999999822e+00,-7.114722728729248047e-01,9.308345913887023926e-01,1.250100582838058472e-01,5.782197117805480957e-01,-5.691778182983399104e-01,2.317001509666442871e+01,-9.874829009175299932e-01,2.500000000000000000e+00
4.320000000000000284e+00,-7.113832235336303711e-01,9.308155775070190430e-01,1.251670271158218384e-01,5.781740546226501465e-01,-5.691065788269042969e-01,2.316978693008422852e+01,-9.872160539031028526e-01,2.500000000000000000e+00
4.339999999999999858e+00,-7.113147377967834473e-01,9.308468103408813477e-01,1.253181546926498413e-01,5.782282352447509766e-01,-5.690517902374268022e-01,2.317016172409057617e+01,-9.869591370224952698e-01,2.500000000000000000e+00
4.360000000000000320e+00,-7.113292217254638672e-01,9.308180212974548340e-01,1.254362612962722778e-01,5.781753659248352051e-01,-5.690633773803711604e-01,2.316981625556945801e+01,-9.867583557963370833e-01,2.500000000000000000e+00
4.379999999999999893e+00,-7.111732363700866699e-01,9.308300018310546875e-01,1.253921836614608765e-01,5.781559944152832031e-01,-5.689385890960693137e-01,2.316996002197265625e+01,-9.868332877755164878e-01,2.500000000000000000e+00
4.400000000000000355e+00,-7.111749053001403809e-01,9.308435320854187012e-01,1.252935081720352173e-01,5.782361030578613281e-01,-5.689399242401123047e-01,2.317012238502502441e+01,-9.870010361075400862e-01,2.500000000000000000e+00
4.419999999999999929e+00,-7.112261056900024414e-01,9.308527112007141113e-01,1.252805590629577637e-01,5.781430602073669434e-01,-5.689808845520020197e-01,2.317023253440856934e+01,-9.870230495929717129e-01,2.500000000000000000e+00
4.440000000000000391e+00,-7.112886905670166016e-01,9.308332800865173340e-01,1.252821981906890869e-01,5.781913399696350098e-01,-5.690309524536133479e-01,2.316999936103820801e+01,-9.870202630758284634e-01,2.500000000000000000e+00
4.459999999999999964e+00,-7.112696766853332520e-01,9.308613538742065430e-01,1.255532354116439819e-01,5.779818296432495117e-01,-5.690157413482666016e-01,2.317033624649047852e+01,-9.865594998002051863e-01,2.500000000000000000e+00
4.480000000000000426e+00,-7.113707065582275391e-01,9.308612942695617676e-01,1.253951042890548706e-01,5.782051682472229004e-01,-5.690965652465820312e-01,2.317033553123474121e+01,-9.868283227086066534e-01,2.500000000000000000e+00
4.500000000000000000e+00,-7.112454175949096680e-01,9.308120012283325195e-01,1.255898177623748779e-01,5.780178904533386230e-01,-5.689963340759277566e-01,2.316974401473999023e+01,-9.864973098039626631e-01,2.500000000000000000e+00
4.520000000000000462e+00,-7.112969756126403809e-01,9.308456182479858398e-01,1.253780126571655273e-01,5.781900882720947266e-01,-5.690375804901123269e-01,2.317014741897583008e+01,-9.868573784828185147e-01,2.500000000000000000e+00
4.540000000000000036e+00,-7.112157940864562988e-01,9.308468103408813477e-01,1.251451671123504639e-01,5.782130956649780273e-01,-5.689726352691650835e-01,2.317016172409057617e+01,-9.872532159090041670e-01,2.500000000000000000e+00
4.560000000000000497e+00,-7.113083600997924805e-01,9.308190345764160156e-01,1.252459138631820679e-01,5.782719254493713379e-01,-5.690466880798340510e-01,2.316982841491699219e+01,-9.870819464325903958e-01,2.500000000000000000e+00
4.580000000000000071e+00,-7.114115357398986816e-01,9.308458566665649414e-01,1.252995133399963379e-01,5.781772732734680176e-01,-5.691292285919189453e-01,2.317015027999877930e+01,-9.869908273220061590e-01,2.500000000000000000e+00
4.600000000000000533e+00,-7.114697694778442383e-01,9.308246374130249023e-01,1.253019422292709351e-01,5.782673358917236328e-01,-5.691758155822753684e-01,2.316989564895629883e+01,-9.869866982102393216e-01,2.500000000000000000e+00
4.620000000000000107e+00,-7.113088369369506836e-01,9.307932257652282715e-01,1.255945116281509399e-01,5.781176090240478516e-01,-5.690470695495605247e-01,2.316951870918273926e+01,-9.864893302321433577e-01,2.500000000000000000e+00
4.639999999999999680e+00,-7.113268375396728516e-01,9.308314919471740723e-01,1.255350559949874878e-01,5.781474113464355469e-01,-5.690614700317383479e-01,2.316997790336608887e+01,-9.865904048085212263e-01,2.500000000000000000e+00
4.660000000000000142e+00,-7.111752629280090332e-01,9.308257102966308594e-01,1.253267973661422729e-01,5.781466364860534668e-01,-5.689402103424072710e-01,2.316990852355957031e+01,-9.869444444775581360e-01,2.500000000000000000e+00
4.679999999999999716e+00,-7.111848592758178711e-01,9.308565258979797363e-01,1.252665519714355469e-01,5.781617164611816406e-01,-5.689478874206542747e-01,2.317027831077575684e+01,-9.870468616485594815e-01,2.500000000000000000e+00
4.700000000000000178e+00,-7.114045619964599609e-01,9.308217763900756836e-01,1.252473145723342896e-01,5.781968235969543457e-01,-5.691236495971679910e-01,2.316986131668090820e+01,-9.870795652270316634e-01,2.500000000000000000e+00
4.719999999999999751e+00,-7.114335894584655762e-01,9.308285713195800781e-01,1.253285109996795654e-01,5.780647397041320801e-01,-5.691468715667724609e-01,2.316994285583496094e+01,-9.869415313005447388e-01,2.500000000000000000e+00
4.740000000000000213e+00,-7.114045619964599609e-01,9.308528304100036621e-01,1.251595020294189453e-01,5.782536864280700684e-01,-5.691236495971679910e-01,2.317023396492004395e+01,-9.872288465499877708e-01,2.500000000000000000e+00
4.759999999999999787e+00,-7.113457322120666504e-01,9.308226108551025391e-01,1.252602934837341309e-01,5.781512856483459473e-01,-5.690765857696533647e-01,2.316987133026123047e+01,-9.870575010776518887e-01,2.500000000000000000e+00
4.780000000000000249e+00,-7.114267945289611816e-01,9.308346509933471680e-01,1.251859515905380249e-01,5.782371163368225098e-01,-5.691414356231689897e-01,2.317001581192016602e+01,-9.871838822960853355e-01,2.500000000000000000e+00
4.799999999999999822e+00,-7.112635374069213867e-01,9.308252334594726562e-01,1.250577569007873535e-01,5.782094597816467285e-01,-5.690108299255370872e-01,2.316990280151367188e+01,-9.874018132686614990e-01,2.500000000000000000e+00
4.820000000000000284e+00,-7.112601995468139648e-01,9.308536052703857422e-01,1.251967996358871460e-01,5.781530141830444336e-01,-5.690081596374512163e-01,2.317024326324462891e+01,-9.871654406189918074e-01,2.500000000000000000e+00
4.839999999999999858e+00,-7.114029526710510254e-01,9.308381676673889160e-01,1.251920610666275024e-01,5.782666206359863281e-01,-5.691223621368408647e-01,2.317005801200866699e+01,-9.871734961867332236e-01,2.500000000000000000e+00
4.860000000000000320e+00,-7.113160490989685059e-01,9.308117628097534180e-01,1.253692507743835449e-01,5.781052708625793457e-01,-5.690528392791748269e-01,2.316974115371704102e+01,-9.868722736835479070e-01,2.500000000000000000e+00
4.879999999999999893e+00,-7.112878561019897461e-01,9.308409690856933594e-01,1.253354698419570923e-01,5.781770348548889160e-01,-5.690302848815917969e-01,2.317009162902832031e+01,-9.869297012686728543e-01,2.500000000000000000e+00
4.900000000000000355e+00,-7.111874222755432129e-01,9.308410286903381348e-01,1.251428127288818359e-01,5.782129764556884766e-01,-5.689499378204345703e-01,2.317009234428405762e+01,-9.872572183609008567e-01,2.500000000000000000e+00
4.919999999999999929e+00,-7.112212777137756348e-01,9.308434128761291504e-01,1.250416934490203857e-01,5.782673358917236328e-01,-5.689770221710205300e-01,2.317012095451354980e+01,-9.874291211366652554e-01,2.500000000000000000e+00
4.940000000000000391e+00,-7.113201022148132324e-01,9.308227300643920898e-01,1.251024752855300903e-01,5.783085823059082031e-01,-5.690560817718506303e-01,2.316987276077270508e+01,-9.873257920145988020e-01,2.500000000000000000e+00
4.959999999999999964e+00,-7.113600969314575195e-01,9.308348298072814941e-01,1.252541840076446533e-01,5.782046318054199219e-01,-5.690880775451659934e-01,2.317001795768737793e+01,-9.870678871870040005e-01,2.500000000000000000e+00
4.980000000000000426e+00,-7.113600969314575195e-01,9.308331608772277832e-01,1.253479868173599243e-01,5.782218575477600098e-01,-5.690880775451659934e-01,2.316999793052673340e+01,-9.869084224104880398e-01,2.500000000000000000e+00
5.000000000000000000e+00,-7.112310528755187988e-01,9.308320879936218262e-01,1.254245042800903320e-01,5.781567096710205078e-01,-5.689848423004150169e-01,2.316998505592346191e+01,-9.867783427238463467e-01,2.500000000000000000e+00
5.020000000000000462e+00,-7.111979722976684570e-01,9.308370947837829590e-01,1.253753155469894409e-01,5.782114863395690918e-01,-5.689583778381347434e-01,2.317004513740539551e+01,-9.868619635701179060e-01,2.500000000000000000e+00
5.040000000000000036e+00,-7.111927866935729980e-01,9.308478832244873047e-01,1.252975165843963623e-01,5.782334804534912109e-01,-5.689542293548583984e-01,2.317017459869384766e+01,-9.869942218065261841e-01,2.500000000000000000e+00
5.060000000000000497e+00,-7.112631201744079590e-01,9.308266043663024902e-01,1.252959817647933960e-01,5.782104134559631348e-01,-5.690104961395263672e-01,2.316991925239562988e+01,-9.869968309998511380e-01,2.500000000000000000e+00
5.080000000000000071e+00,-7.112648487091064453e-01,9.308412075042724609e-01,1.253285855054855347e-01,5.781384110450744629e-01,-5.690118789672852229e-01,2.317009449005126953e+01,-9.869414046406745911e-01,2.500000000000000000e+00
5.100000000000000533e+00,-7.114194631576538086e-01,9.308353066444396973e-01,1.253167539834976196e-01,5.782007575035095215e-01,-5.691355705261230691e-01,2.317002367973327637e+01,-9.869615182280540022e-01,2.500000000000000000e+00
5.120000000000000107e+00,-7.112987637519836426e-01,9.308059811592102051e-01,1.254390031099319458e-01,5.781198740005493164e-01,-5.690390110015869363e-01,2.316967177391052246e+01,-9.867536947131156921e-01,2.500000000000000000e+00
5.139999999999999680e+00,-7.112280726432800293e-01,9.308447837829589844e-01,1.253368705511093140e-01,5.780945420265197754e-01,-5.689824581146240012e-01,2.317013740539550781e+01,-9.869273200631141219e-01,2.500000000000000000e+00
5.160000000000000142e+00,-7.112700939178466797e-01,9.308597445487976074e-01,1.251126080751419067e-01,5.781526565551757812e-01,-5.690160751342773215e-01,2.317031693458557129e+01,-9.873085662722587141e-01,2.500000000000000000e+00
5.179999999999999716e+00,-7.112634181976318359e-01,9.308451414108276367e-01,1.250121593475341797e-01,5.782465338706970215e-01,-5.690107345581054688e-01,2.317014169692993164e+01,-9.874793291091918945e-01,2.500000000000000000e+00
5.200000000000000178e+00,-7.113323807716369629e-01,9.308332204818725586e-01,1.251074373722076416e-01,5.781272649765014648e-01,-5.690659046173095481e-01,2.316999864578247070e+01,-9.873173564672469427e-01,2.500000000000000000e+00
5.219999999999999751e+00,-7.113422155380249023e-01,9.308718442916870117e-01,1.250061690807342529e-01,5.781527757644653320e-01,-5.690737724304198997e-01,2.317046213150024414e+01,-9.874895125627517478e-01,2.500000000000000000e+00
5.240000000000000213e+00,-7.112708687782287598e-01,9.308491945266723633e-01,1.249497607350349426e-01,5.781977176666259766e-01,-5.690166950225830078e-01,2.317019033432006836e+01,-9.875854067504405975e-01,2.500000000000000000e+00
5.259999999999999787e+00,-7.112460136413574219e-01,9.308621883392333984e-01,1.252450644969940186e-01,5.782686471939086914e-01,-5.689968109130859597e-01,2.317034626007080078e+01,-9.870833903551101685e-01,2.500000000000000000e+00
5.280000000000000249e+00,-7.113171815872192383e-01,9.308241009712219238e-01,1.253935396671295166e-01,5.783559679985046387e-01,-5.690537452697753684e-01,2.316988921165466309e+01,-9.868309825658797552e-01,2.500000000000000000e+00
5.299999999999999822e+00,-7.112075686454772949e-01,9.308081865310668945e-01,1.257359087467193604e-01,5.780523419380187988e-01,-5.689660549163818581e-01,2.316969823837280273e+01,-9.862489551305770874e-01,2.500000000000000000e+00
5.320000000000000284e+00,-7.111598849296569824e-01,9.308584928512573242e-01,1.254260241985321045e-01,5.782260298728942871e-01,-5.689279079437256081e-01,2.317030191421508789e+01,-9.867757588624953557e-01,2.500000000000000000e+00
5.339999999999999858e+00,-7.110049724578857422e-01,9.308363795280456543e-01,1.252789944410324097e-01,5.781112909317016602e-01,-5.688039779663086604e-01,2.317003655433654785e+01,-9.870257094502448147e-01,2.500000000000000000e+00
5.360000000000000320e+00,-7.112319469451904297e-01,9.308576583862304688e-01,1.250779479742050171e-01,5.782128572463989258e-01,-5.689855575561523215e-01,2.317029190063476562e+01,-9.873674884438514709e-01,2.500000000000000000e+00
5.379999999999999893e+00,-7.114024758338928223e-01,9.308184385299682617e-01,1.250104457139968872e-01,5.782166719436645508e-01,-5.691219806671142800e-01,2.316982126235961914e+01,-9.874822422862052917e-01,2.500000000000000000e+00
5.400000000000000355e+00,-7.112778425216674805e-01,9.308565855026245117e-01,1.250588297843933105e-01,5.781073570251464844e-01,-5.690222740173339622e-01,2.317027902603149414e+01,-9.873999893665312833e-01,2.500000000000000000e+00
5.419999999999999929e+00,-7.114088535308837891e-01,9.308778643608093262e-01,1.249869912862777710e-01,5.781742334365844727e-01,-5.691270828247070312e-01,2.317053437232971191e+01,-9.875221148133277449e-01,2.500000000000000000e+00
5.440000000000000391e+00,-7.113890647888183594e-01,9.308417439460754395e-01,1.251469403505325317e-01,5.782030224800109863e-01,-5.691112518310547097e-01,2.317010092735290527e+01,-9.872502014040946960e-01,2.500000000000000000e+00
5.459999999999999964e+00,-7.113608717918395996e-01,9.308338761329650879e-01,1.252747476100921631e-01,5.782914161682128906e-01,-5.690886974334716797e-01,2.317000651359558105e+01,-9.870329290628432339e-01,2.500000000000000000e+00
5.480000000000000426e+00,-7.112208008766174316e-01,9.308308362960815430e-01,1.255406886339187622e-01,5.782721638679504395e-01,-5.689766407012939453e-01,2.316997003555297852e+01,-9.865808293223380376e-01,2.500000000000000000e+00
5.500000000000000000e+00,-7.110950350761413574e-01,9.308367371559143066e-01,1.256193518638610840e-01,5.782058835029602051e-01,-5.688760280609130859e-01,2.317004084587097168e+01,-9.864471018314361350e-01,2.500000000000000000e+00
5.520000000000000462e+00,-7.111798524856567383e-01,9.308469891548156738e-01,1.256512701511383057e-01,5.781185626983642578e-01,-5.689438819885254128e-01,2.317016386985778809e+01,-9.863928407430648804e-01,2.500000000000000000e+00
5.540000000000000036e+00,-7.111310958862304688e-01,9.308409690856933594e-01,1.254393607378005981e-01,5.782725214958190918e-01,-5.689048767089843750e-01,2.317009162902832031e+01,-9.867530867457389165e-01,2.500000000000000000e+00
5.560000000000000497e+00,-7.112267017364501953e-01,9.308270812034606934e-01,1.255609542131423950e-01,5.781380534172058105e-01,-5.689813613891602229e-01,2.316992497444152832e+01,-9.865463778376578619e-01,2.500000000000000000e+00
5.580000000000000071e+00,-7.113260626792907715e-01,9.308221340179443359e-01,1.254447549581527710e-01,5.782441496849060059e-01,-5.690608501434326616e-01,2.316986560821533203e+01,-9.867439165711402449e-01,2.500000000000000000e+00
5.600000000000000533e+00,-7.112754583358764648e-01,9.308229684829711914e-01,1.253230422735214233e-01,5.779839158058166504e-01,-5.690203666687011497e-01,2.316987562179565430e+01,-9.869508281350135581e-01,2.500000000000000000e+00
5.620000000000000107e+00,-7.113565802574157715e-01,9.308628439903259277e-01,1.251069605350494385e-01,5.780976414680480957e-01,-5.690852642059326394e-01,2.317035412788391113e+01,-9.873181670904158658e-01,2.500000000000000000e+00
5.639999999999999680e+00,-7.112610340118408203e-01,9.308508634567260742e-01,1.249023824930191040e-01,5.782179832458496094e-01,-5.690088272094726562e-01,2.317021036148071289e+01,-9.876659497618675010e-01,2.500000000000000000e+00
5.660000000000000142e+00,-7.114098072052001953e-01,9.308391809463500977e-01,1.251921802759170532e-01,5.781114101409912109e-01,-5.691278457641602007e-01,2.317007017135620117e+01,-9.871732935309409651e-01,2.500000000000000000e+00
5.679999999999999716e+00,-7.115417718887329102e-01,9.308266043663024902e-01,1.251846849918365479e-01,5.782069563865661621e-01,-5.692334175109863281e-01,2.316991925239562988e+01,-9.871860355138778464e-01,2.500000000000000000e+00
5.700000000000000178e+00,-7.112984657287597656e-01,9.308391809463500977e-01,1.252480447292327881e-01,5.782086253166198730e-01,-5.690387725830078347e-01,2.317007017135620117e+01,-9.870783239603042603e-01,2.500000000000000000e+00
5.719999999999999751e+00,-7.112628817558288574e-01,9.308254718780517578e-01,1.253710091114044189e-01,5.783028602600097656e-01,-5.690103054046631303e-01,2.316990566253662109e+01,-9.868692845106123990e-01,2.500000000000000000e+00
5.740000000000000213e+00,-7.111679315567016602e-01,9.308413267135620117e-01,1.253666430711746216e-01,5.781777501106262207e-01,-5.689343452453613503e-01,2.317009592056274414e+01,-9.868767067790030767e-01,2.500000000000000000e+00
5.759999999999999787e+00,-7.112025022506713867e-01,9.308480024337768555e-01,1.252000480890274048e-01,5.782781839370727539e-01,-5.689620018005371316e-01,2.317017602920532227e+01,-9.871599182486533453e-01,2.500000000000000000e+00
5.780000000000000249e+00,-7.112205624580383301e-01,9.308203458786010742e-01,1.252474337816238403e-01,5.781410336494445801e-01,-5.689764499664307085e-01,2.316984415054321289e+01,-9.870793625712394048e-01,2.500000000000000000e+00
5.799999999999999822e+00,-7.113894820213317871e-01,9.308508634567260742e-01,1.251740753650665283e-01,5.782521367073059082e-01,-5.691115856170654297e-01,2.317021036148071289e+01,-9.872040718793868574e-01,2.500000000000000000e+00
5.820000000000000284e+00,-7.113164663314819336e-01,9.308173060417175293e-01,1.252169460058212280e-01,5.782479643821716309e-01,-5.690531730651855469e-01,2.316980767250061035e+01,-9.871311917901038901e-01,2.500000000000000000e+00
5.839999999999999858e+00,-7.112717628479003906e-01,9.308418631553649902e-01,1.255448609590530396e-01,5.781163573265075684e-01,-5.690174102783203125e-01,2.317010235786437988e+01,-9.865737363696097662e-01,2.500000000000000000e+00
5.860000000000000320e+00,-7.113756537437438965e-01,9.308416247367858887e-01,1.254394352436065674e-01,5.782510042190551758e-01,-5.691005229949951394e-01,2.317009949684143066e+01,-9.867529600858687688e-01,2.500000000000000000e+00
5.879999999999999893e+00,-7.112101316452026367e-01,9.308088421821594238e-01,1.255532354116439819e-01,5.780575871467590332e-01,-5.689681053161621538e-01,2.316970610618591309e+01,-9.865594998002051863e-01,2.500000000000000000e+00
5.900000000000000355e+00,-7.111869454383850098e-01,9.308599829673767090e-01,1.252957731485366821e-01,5.782142877578735352e-01,-5.689495563507079856e-01,2.317031979560852051e+01,-9.869971856474876182e-01,2.500000000000000000e+00
5.919999999999999929e+00,-7.112221717834472656e-01,9.308379292488098145e-01,1.251592040061950684e-01,5.781596899032592773e-01,-5.689777374267578347e-01,2.317005515098571777e+01,-9.872293531894683616e-01,2.500000000000000000e+00
5.940000000000000391e+00,-7.113445997238159180e-01,9.308454394340515137e-01,1.250923275947570801e-01,5.781829953193664551e-01,-5.690756797790527122e-01,2.317014527320861816e+01,-9.873430430889129639e-01,2.500000000000000000e+00
5.959999999999999964e+00,-7.114037275314331055e-01,9.308253526687622070e-01,1.250179558992385864e-01,5.782635211944580078e-01,-5.691229820251465510e-01,2.316990423202514648e+01,-9.874694749712943365e-01,2.500000000000000000e+00
5.980000000000000426e+00,-7.112932205200195312e-01,9.308468103408813477e-01,1.251084804534912109e-01,5.781711935997009277e-01,-5.690345764160156250e-01,2.317016172409057617e+01,-9.873155832290648748e-01,2.500000000000000000e+00
6.000000000000000000e+00,-7.113509178161621094e-01,9.308542013168334961e-01,1.250978112220764160e-01,5.783026814460754395e-01,-5.690807342529297097e-01,2.317025041580200195e+01,-9.873337209224700706e-01,2.500000000000000000e+00
6.020000000000000462e+00,-7.112933993339538574e-01,9.308105707168579102e-01,1.254004687070846558e-01,5.781512260437011719e-01,-5.690347194671631081e-01,2.316972684860229492e+01,-9.868192031979560186e-01,2.500000000000000000e+00
6.040000000000000036e+00,-7.112804651260375977e-01,9.308522939682006836e-01,1.254217326641082764e-01,5.781576633453369141e-01,-5.690243721008301225e-01,2.317022752761840820e+01,-9.867830544710158858e-01,2.500000000000000000e+00
6.060000000000000497e+00,-7.111929655075073242e-01,9.308470487594604492e-01,1.253156065940856934e-01,5.781772732734680176e-01,-5.689543724060058816e-01,2.317016458511352539e+01,-9.869634687900542547e-01,2.500000000000000000e+00
6.080000000000000071e+00,-7.111815810203552246e-01,9.308596253395080566e-01,1.253642290830612183e-01,5.782268643379211426e-01,-5.689452648162841575e-01,2.317031550407409668e+01,-9.868808105587958401e-01,2.500000000000000000e+00
6.100000000000000533e+00,-7.113118767738342285e-01,9.308252334594726562e-01,1.253896802663803101e-01,5.783214569091796875e-01,-5.690495014190674050e-01,2.316990280151367188e+01,-9.868375435471534729e-01,2.500000000000000000e+00
6.120000000000000107e+00,-7.112596035003662109e-01,9.308199286460876465e-01,1.255043298006057739e-01,5.781030654907226562e-01,-5.690076828002930132e-01,2.316983914375305176e+01,-9.866426393389701177e-01,2.500000000000000000e+00
6.140000000000000568e+00,-7.112696766853332520e-01,9.308332800865173340e-01,1.253623962402343750e-01,5.782268643379211426e-01,-5.690157413482666016e-01,2.316999936103820801e+01,-9.868839263916014959e-01,2.500000000000000000e+00
6.160000000000000142e+00,-7.111287117004394531e-01,9.308456182479858398e-01,1.253413707017898560e-01,5.780546069145202637e-01,-5.689029693603515625e-01,2.317014741897583008e+01,-9.869196698069572227e-01,2.500000000000000000e+00
6.179999999999999716e+00,-7.113087177276611328e-01,9.308750629425048828e-01,1.252020895481109619e-01,5.782760977745056152e-01,-5.690469741821289062e-01,2.317050075531005859e+01,-9.871564477682113203e-01,2.500000000000000000e+00
6.200000000000000178e+00,-7.114194631576538086e-01,9.308057427406311035e-01,1.253622174263000488e-01,5.781855583190917969e-01,-5.691355705261230691e-01,2.316966891288757324e+01,-9.868842303752898282e-01,2.500000000000000000e+00
6.219999999999999751e+00,-7.113492488861083984e-01,9.308164119720458984e-01,1.255110353231430054e-01,5.781229734420776367e-01,-5.690793991088867188e-01,2.316979694366455078e+01,-9.866312399506568243e-01,2.500000000000000000e+00
6.240000000000000213e+00,-7.113192081451416016e-01,9.308477044105529785e-01,1.253842264413833618e-01,5.781589746475219727e-01,-5.690553665161133257e-01,2.317017245292663574e+01,-9.868468150496482183e-01,2.500000000000000000e+00
6.259999999999999787e+00,-7.112764716148376465e-01,9.308316111564636230e-01,1.252577900886535645e-01,5.782065987586975098e-01,-5.690211772918701838e-01,2.316997933387756348e+01,-9.870617568492888738e-01,2.500000000000000000e+00
6.280000000000000249e+00,-7.113052606582641602e-01,9.308346509933471680e-01,1.251619756221771240e-01,5.781832933425903320e-01,-5.690442085266113059e-01,2.317001581192016602e+01,-9.872246414422988225e-01,2.500000000000000000e+00
6.299999999999999822e+00,-7.113617062568664551e-01,9.308375120162963867e-01,1.250835508108139038e-01,5.782487392425537109e-01,-5.690893650054932307e-01,2.317005014419555664e+01,-9.873579636216163191e-01,2.500000000000000000e+00
6.320000000000000284e+00,-7.113472819328308105e-01,9.308434128761291504e-01,1.251501441001892090e-01,5.782611370086669922e-01,-5.690778255462646262e-01,2.317012095451354980e+01,-9.872447550296783447e-01,2.500000000000000000e+00
6.339999999999999858e+00,-7.113950848579406738e-01,9.308246970176696777e-01,1.252901703119277954e-01,5.782440304756164551e-01,-5.691160678863526057e-01,2.316989636421203613e+01,-9.870067104697226590e-01,2.500000000000000000e+00
6.360000000000000320e+00,-7.113724946975708008e-01,9.307916760444641113e-01,1.253689676523208618e-01,5.781146883964538574e-01,-5.690979957580566406e-01,2.316950011253356934e+01,-9.868727549910545349e-01,2.500000000000000000e+00
6.379999999999999893e+00,-7.112605571746826172e-01,9.308453798294067383e-01,1.253950595855712891e-01,5.781395435333251953e-01,-5.690084457397460715e-01,2.317014455795288086e+01,-9.868283987045287642e-01,2.500000000000000000e+00
6.400000000000000355e+00,-7.110989093780517578e-01,9.308812022209167480e-01,1.250256597995758057e-01,5.783600807189941406e-01,-5.688791275024414062e-01,2.317057442665100098e+01,-9.874563783407210860e-01,2.500000000000000000e+00
6.419999999999999929e+00,-7.112760543823242188e-01,9.308191537857055664e-01,1.253422051668167114e-01,5.781751275062561035e-01,-5.690208435058593528e-01,2.316982984542846680e+01,-9.869182512164115240e-01,2.500000000000000000e+00
6.440000000000000391e+00,-7.113506197929382324e-01,9.308353662490844727e-01,1.251938343048095703e-01,5.781975388526916504e-01,-5.690804958343506081e-01,2.317002439498901367e+01,-9.871704816818236417e-01,2.500000000000000000e+00
6.459999999999999964e+00,-7.112069725990295410e-01,9.308543801307678223e-01,1.250467598438262939e-01,5.780878663063049316e-01,-5.689655780792236550e-01,2.317025256156921387e+01,-9.874205082654952115e-01,2.500000000000000000e+00
6.480000000000000426e+00,-7.112818956375122070e-01,9.308598637580871582e-01,1.251344978809356689e-01,5.781821012496948242e-01,-5.690255165100097656e-01,2.317031836509704590e+01,-9.872713536024093628e-01,2.500000000000000000e+00
6.500000000000000000e+00,-7.114007472991943359e-01,9.308433532714843750e-01,1.251235306262969971e-01,5.782389044761657715e-01,-5.691205978393555354e-01,2.317012023925781250e+01,-9.872899979352950384e-01,2.500000000000000000e+00
6.520000000000000462e+00,-7.113672494888305664e-01,9.308247566223144531e-01,1.253297477960586548e-01,5.781936049461364746e-01,-5.690937995910644309e-01,2.316989707946777344e+01,-9.869394287467002647e-01,2.500000000000000000e+00
6.540000000000000036e+00,-7.113078236579895020e-01,9.308211803436279297e-01,1.253990083932876587e-01,5.782361626625061035e-01,-5.690462589263916016e-01,2.316985416412353516e+01,-9.868216857314109358e-01,2.500000000000000000e+00
6.560000000000000497e+00,-7.112205028533935547e-01,9.308328628540039062e-01,1.253101080656051636e-01,5.781661868095397949e-01,-5.689764022827148438e-01,2.316999435424804688e+01,-9.869728162884712219e-01,2.500000000000000000e+00
6.580000000000000071e+00,-7.110895514488220215e-01,9.308409690856933594e-01,1.250935494899749756e-01,5.782614946365356445e-01,-5.688716411590576394e-01,2.317009162902832031e+01,-9.873409658670424527e-01,2.500000000000000000e+00
6.600000000000000533e+00,-7.111918926239013672e-01,9.308527708053588867e-01,1.251846104860305786e-01,5.782347917556762695e-01,-5.689535140991210938e-01,2.317023324966430664e+01,-9.871861621737479942e-01,2.500000000000000000e+00
6.620000000000000107e+00,-7.114390730857849121e-01,9.308112263679504395e-01,1.253018379211425781e-01,5.781931281089782715e-01,-5.691512584686279075e-01,2.316973471641540527e+01,-9.869868755340576172e-01,2.500000000000000000e+00
6.640000000000000568e+00,-7.112770676612854004e-01,9.308305382728576660e-01,1.253549903631210327e-01,5.780360102653503418e-01,-5.690216541290283869e-01,2.316996645927429199e+01,-9.868965163826941556e-01,2.500000000000000000e+00
6.660000000000000142e+00,-7.112917900085449219e-01,9.308672547340393066e-01,1.251945644617080688e-01,5.782085657119750977e-01,-5.690334320068359819e-01,2.317040705680847168e+01,-9.871692404150962386e-01,2.500000000000000000e+00
6.679999999999999716e+00,-7.111797332763671875e-01,9.308368563652038574e-01,1.251586228609085083e-01,5.782263278961181641e-01,-5.689437866210937944e-01,2.317004227638244629e+01,-9.872303411364554693e-01,2.500000000000000000e+00
6.700000000000000178e+00,-7.112867236137390137e-01,9.308350086212158203e-01,1.252865642309188843e-01,5.781520605087280273e-01,-5.690293788909912553e-01,2.317002010345458984e+01,-9.870128408074378967e-01,2.500000000000000000e+00
6.719999999999999751e+00,-7.114629745483398438e-01,9.308264255523681641e-01,1.252439171075820923e-01,5.780871510505676270e-01,-5.691703796386718972e-01,2.316991710662841797e+01,-9.870853409171104209e-01,2.500000000000000000e+00
6.740000000000000213e+00,-7.112965583801269531e-01,9.308288693428039551e-01,1.251120716333389282e-01,5.782011151313781738e-01,-5.690372467041016069e-01,2.316994643211364746e+01,-9.873094782233238220e-01,2.500000000000000000e+00
6.759999999999999787e+00,-7.111966609954833984e-01,9.308471679687500000e-01,1.251093000173568726e-01,5.781910419464111328e-01,-5.689573287963867188e-01,2.317016601562500000e+01,-9.873141899704932500e-01,2.500000000000000000e+00
6.780000000000000249e+00,-7.113727331161499023e-01,9.308484196662902832e-01,1.251251846551895142e-01,5.782242417335510254e-01,-5.690981864929199885e-01,2.317018103599548340e+01,-9.872871860861778259e-01,2.500000000000000000e+00
6.799999999999999822e+00,-7.113430500030517578e-01,9.308229684829711914e-01,1.250877678394317627e-01,5.782338380813598633e-01,-5.690744400024414507e-01,2.316987562179565430e+01,-9.873507946729659368e-01,2.500000000000000000e+00
6.820000000000000284e+00,-7.112362980842590332e-01,9.308446049690246582e-01,1.251521110534667969e-01,5.782192945480346680e-01,-5.689890384674072266e-01,2.317013525962829590e+01,-9.872414112091063565e-01,2.500000000000000000e+00
6.839999999999999858e+00,-7.113270759582519531e-01,9.308230280876159668e-01,1.252263784408569336e-01,5.781924724578857422e-01,-5.690616607666015847e-01,2.316987633705139160e+01,-9.871151566505431685e-01,2.500000000000000000e+00
6.860000000000000320e+00,-7.111872434616088867e-01,9.308426976203918457e-01,1.251439899206161499e-01,5.781374573707580566e-01,-5.689497947692870872e-01,2.317011237144470215e+01,-9.872552171349524563e-01,2.500000000000000000e+00
6.879999999999999893e+00,-7.112705707550048828e-01,9.308627843856811523e-01,1.249029263854026794e-01,5.782398581504821777e-01,-5.690164566040039062e-01,2.317035341262817383e+01,-9.876650251448153561e-01,2.500000000000000000e+00
6.900000000000000355e+00,-7.112994790077209473e-01,9.308220148086547852e-01,1.250820010900497437e-01,5.782854557037353516e-01,-5.690395832061767578e-01,2.316986417770385742e+01,-9.873605981469153470e-01,2.500000000000000000e+00
6.919999999999999929e+00,-7.113187909126281738e-01,9.308409094810485840e-01,1.250613480806350708e-01,5.783627629280090332e-01,-5.690550327301026057e-01,2.317009091377258301e+01,-9.873957082629203352e-01,2.500000000000000000e+00
6.940000000000000391e+00,-7.113347053527832031e-01,9.308081269264221191e-01,1.253011822700500488e-01,5.782405734062194824e-01,-5.690677642822266069e-01,2.316969752311706543e+01,-9.869879901409148726e-01,2.500000000000000000e+00
6.959999999999999964e+00,-7.112753391265869141e-01,9.308372139930725098e-01,1.253649890422821045e-01,5.782309174537658691e-01,-5.690202713012695312e-01,2.317004656791687012e+01,-9.868795186281204002e-01,2.500000000000000000e+00
6.980000000000000426e+00,-7.111526727676391602e-01,9.308319687843322754e-01,1.252307891845703125e-01,5.783111453056335449e-01,-5.689221382141113059e-01,2.316998362541198730e+01,-9.871076583862303799e-01,2.500000000000000000e+00
7.000000000000000000e+00,-7.110949754714965820e-01,9.308338165283203125e-01,1.253774613142013550e-01,5.781631469726562500e-01,-5.688759803771973322e-01,2.317000579833984375e+01,-9.868583157658576965e-01,2.500000000000000000e+00
7.020000000000000462e+00,-7.112892270088195801e-01,9.308496713638305664e-01,1.252477765083312988e-01,5.782173275947570801e-01,-5.690313816070556863e-01,2.317019605636596680e+01,-9.870787799358367032e-01,2.500000000000000000e+00
7.040000000000000036e+00,-7.112075686454772949e-01,9.308270812034606934e-01,1.252842098474502563e-01,5.781682133674621582e-01,-5.689660549163818581e-01,2.316992497444152832e+01,-9.870168432593344754e-01,2.500000000000000000e+00
7.060000000000000497e+00,-7.112832665443420410e-01,9.308394193649291992e-01,1.253260672092437744e-01,5.780776739120483398e-01,-5.690266132354736550e-01,2.317007303237915039e+01,-9.869456857442855391e-01,2.500000000000000000e+00
7.080000000000000071e+00,-7.113361358642578125e-01,9.308571219444274902e-01,1.252252012491226196e-01,5.780563354492187500e-01,-5.690689086914062500e-01,2.317028546333312988e+01,-9.871171578764914578e-01,2.500000000000000000e+00
7.100000000000000533e+00,-7.112137079238891602e-01,9.308660626411437988e-01,1.250798553228378296e-01,5.782467722892761230e-01,-5.689709663391113725e-01,2.317039275169372559e+01,-9.873642459511756675e-01,2.500000000000000000e+00
7.120000000000000107e+00,-7.113958597183227539e-01,9.308208823204040527e-01,1.253487467765808105e-01,5.781142115592956543e-01,-5.691166877746581809e-01,2.316985058784484863e+01,-9.869071304798125999e-01,2.500000000000000000e+00
7.140000000000000568e+00,-7.114639282226562500e-01,9.308061003684997559e-01,1.253009289503097534e-01,5.781785845756530762e-01,-5.691711425781250666e-01,2.316967320442199707e+01,-9.869884207844733526e-01,2.500000000000000000e+00
7.160000000000000142e+00,-7.111192941665649414e-01,9.308516979217529297e-01,1.250907778739929199e-01,5.781260132789611816e-01,-5.688954353332519309e-01,2.317022037506103516e+01,-9.873456776142119917e-01,2.500000000000000000e+00
7.179999999999999716e+00,-7.111061215400695801e-01,9.308659434318542480e-01,1.249522119760513306e-01,5.782076120376586914e-01,-5.688848972320557085e-01,2.317039132118225098e+01,-9.875812396407126492e-01,2.500000000000000000e+00
7.200000000000000178e+00,-7.113118767738342285e-01,9.308415651321411133e-01,1.251242607831954956e-01,5.781233906745910645e-01,-5.690495014190674050e-01,2.317009878158569336e+01,-9.872887566685676353e-01,2.500000000000000000e+00
7.219999999999999751e+00,-7.114381790161132812e-01,9.308356046676635742e-01,1.250755041837692261e-01,5.782026648521423340e-01,-5.691505432128906028e-01,2.317002725601196289e+01,-9.873716428875922713e-01,2.500000000000000000e+00
7.240000000000000213e+00,-7.112653255462646484e-01,9.308391213417053223e-01,1.252941936254501343e-01,5.780763626098632812e-01,-5.690122604370116965e-01,2.317006945610046387e+01,-9.869998708367346829e-01,2.500000000000000000e+00
7.259999999999999787e+00,-7.112754583358764648e-01,9.308650493621826172e-01,1.252166330814361572e-01,5.782098770141601562e-01,-5.690203666687011497e-01,2.317038059234619141e+01,-9.871317237615584439e-01,2.500000000000000000e+00
7.280000000000000249e+00,-7.111575603485107422e-01,9.308368563652038574e-01,1.251871138811111450e-01,5.781976580619812012e-01,-5.689260482788086604e-01,2.317004227638244629e+01,-9.871819064021110091e-01,2.500000000000000000e+00
7.299999999999999822e+00,-7.111892104148864746e-01,9.308483004570007324e-01,1.251798719167709351e-01,5.782234072685241699e-01,-5.689513683319091797e-01,2.317017960548400879e+01,-9.871942177414894104e-01,2.500000000000000000e+00
7.320000000000000284e+00,-7.113075256347656250e-01,9.308345317840576172e-01,1.252291053533554077e-01,5.782554745674133301e-01,-5.690460205078125000e-01,2.317001438140869141e+01,-9.871105208992957403e-01,2.500000000000000000e+00
7.339999999999999858e+00,-7.112571001052856445e-01,9.308249950408935547e-01,1.253501474857330322e-01,5.782038569450378418e-01,-5.690056800842285822e-01,2.316989994049072266e+01,-9.869047492742537564e-01,2.500000000000000000e+00
7.360000000000000320e+00,-7.113435268402099609e-01,9.308258295059204102e-01,1.253729015588760376e-01,5.781598091125488281e-01,-5.690748214721680354e-01,2.316990995407104492e+01,-9.868660673499106695e-01,2.500000000000000000e+00
7.379999999999999893e+00,-7.112572193145751953e-01,9.308241605758666992e-01,1.253404915332794189e-01,5.782178640365600586e-01,-5.690057754516602007e-01,2.316988992691040039e+01,-9.869211643934249212e-01,2.500000000000000000e+00
7.400000000000000355e+00,-7.111093997955322266e-01,9.308548569679260254e-01,1.251391917467117310e-01,5.782258510589599609e-01,-5.688875198364258257e-01,2.317025828361511230e+01,-9.872633740305900574e-01,2.500000000000000000e+00
7.419999999999999929e+00,-7.112651467323303223e-01,9.308490753173828125e-01,1.251370459794998169e-01,5.781636834144592285e-01,-5.690121173858643244e-01,2.317018890380859375e+01,-9.872670218348502669e-01,2.500000000000000000e+00
7.440000000000000391e+00,-7.113696932792663574e-01,9.308192133903503418e-01,1.251932084560394287e-01,5.782262086868286133e-01,-5.690957546234131081e-01,2.316983056068420410e+01,-9.871715456247329712e-01,2.500000000000000000e+00
7.459999999999999964e+00,-7.113450169563293457e-01,9.308321475982666016e-01,1.253551542758941650e-01,5.781335830688476562e-01,-5.690760135650635432e-01,2.316998577117919922e+01,-9.868962377309798972e-01,2.500000000000000000e+00
7.480000000000000426e+00,-7.113377451896667480e-01,9.308413863182067871e-01,1.253903061151504517e-01,5.781967043876647949e-01,-5.690701961517333762e-01,2.317009663581848145e+01,-9.868364796042441434e-01,2.500000000000000000e+00
7.500000000000000000e+00,-7.111869454383850098e-01,9.308274388313293457e-01,1.254421025514602661e-01,5.781443715095520020e-01,-5.689495563507079856e-01,2.316992926597595215e+01,-9.867484256625175254e-01,2.500000000000000000e+00
7.520000000000000462e+00,-7.111703753471374512e-01,9.308592677116394043e-01,1.254111826419830322e-01,5.781176090240478516e-01,-5.689363002777100276e-01,2.317031121253967285e+01,-9.868009895086288230e-01,2.500000000000000000e+00
7.540000000000000036e+00,-7.112315297126770020e-01,9.308560490608215332e-01,1.251718401908874512e-01,5.782130956649780273e-01,-5.689852237701416016e-01,2.317027258872985840e+01,-9.872078716754912886e-01,2.500000000000000000e+00
7.560000000000000497e+00,-7.112841010093688965e-01,9.308293461799621582e-01,1.252491772174835205e-01,5.781730413436889648e-01,-5.690272808074950950e-01,2.316995215415954590e+01,-9.870763987302779707e-01,2.500000000000000000e+00
7.580000000000000071e+00,-7.113991975784301758e-01,9.308401942253112793e-01,1.252028942108154297e-01,5.782255530357360840e-01,-5.691193580627441628e-01,2.317008233070373535e+01,-9.871550798416137695e-01,2.500000000000000000e+00
7.600000000000000533e+00,-7.113428711891174316e-01,9.308214187622070312e-01,1.252295821905136108e-01,5.782092809677124023e-01,-5.690742969512939675e-01,2.316985702514648438e+01,-9.871097102761268172e-01,2.500000000000000000e+00
7.620000000000000107e+00,-7.113361954689025879e-01,9.308416843414306641e-01,1.253646463155746460e-01,5.781841874122619629e-01,-5.690689563751221147e-01,2.317010021209716797e+01,-9.868801012635231018e-01,2.500000000000000000e+00
7.640000000000000568e+00,-7.113611698150634766e-01,9.308322668075561523e-01,1.253322660923004150e-01,5.783128738403320312e-01,-5.690889358520507812e-01,2.316998720169067383e+01,-9.869351476430892056e-01,2.500000000000000000e+00
7.660000000000000142e+00,-7.111708521842956543e-01,9.308185577392578125e-01,1.253752410411834717e-01,5.781571865081787109e-01,-5.689366817474365012e-01,2.316982269287109375e+01,-9.868620902299880537e-01,2.500000000000000000e+00
7.679999999999999716e+00,-7.112032771110534668e-01,9.308505654335021973e-01,1.252640932798385620e-01,5.781844854354858398e-01,-5.689626216888428178e-01,2.317020678520202637e+01,-9.870510414242743558e-01,2.500000000000000000e+00
7.700000000000000178e+00,-7.112810015678405762e-01,9.308344125747680664e-01,1.252274215221405029e-01,5.782164335250854492e-01,-5.690248012542724609e-01,2.317001295089721680e+01,-9.871133834123611006e-01,2.500000000000000000e+00
7.719999999999999751e+00,-7.112996578216552734e-01,9.308306574821472168e-01,1.252585053443908691e-01,5.782398581504821777e-01,-5.690397262573242410e-01,2.316996788978576660e+01,-9.870605409145354336e-01,2.500000000000000000e+00
7.740000000000000213e+00,-7.113682031631469727e-01,9.308392405509948730e-01,1.253337860107421875e-01,5.782450437545776367e-01,-5.690945625305176003e-01,2.317007088661193848e+01,-9.869325637817382146e-01,2.500000000000000000e+00
7.759999999999999787e+00,-7.113587260246276855e-01,9.308096766471862793e-01,1.254332512617111206e-01,5.782647132873535156e-01,-5.690869808197022151e-01,2.316971611976623535e+01,-9.867634728550910284e-01,2.500000000000000000e+00
7.780000000000000249e+00,-7.112647891044616699e-01,9.308142662048339844e-01,1.255213916301727295e-01,5.781744122505187988e-01,-5.690118312835693581e-01,2.316977119445800781e+01,-9.866136342287062932e-01,2.500000000000000000e+00
7.799999999999999822e+00,-7.112603783607482910e-01,9.308327436447143555e-01,1.253530830144882202e-01,5.782124996185302734e-01,-5.690083026885986994e-01,2.316999292373657227e+01,-9.868997588753699590e-01,2.500000000000000000e+00
7.820000000000000284e+00,-7.111238837242126465e-01,9.308496117591857910e-01,1.251828074455261230e-01,5.783017277717590332e-01,-5.688991069793701838e-01,2.317019534111022949e+01,-9.871892273426055020e-01,2.500000000000000000e+00
7.839999999999999858e+00,-7.112433314323425293e-01,9.308451414108276367e-01,1.253304779529571533e-01,5.782913565635681152e-01,-5.689946651458740456e-01,2.317014169692993164e+01,-9.869381874799727505e-01,2.500000000000000000e+00
7.860000000000000320e+00,-7.113316655158996582e-01,9.308319091796875000e-01,1.254983991384506226e-01,5.781610608100891113e-01,-5.690653324127197266e-01,2.316998291015625000e+01,-9.866527214646338972e-01,2.500000000000000000e+00
7.879999999999999893e+00,-7.113748788833618164e-01,9.308463335037231445e-01,1.255516856908798218e-01,5.780540108680725098e-01,-5.690999031066894531e-01,2.317015600204467773e+01,-9.865621343255042142e-01,2.500000000000000000e+00
7.900000000000000355e+00,-7.113834619522094727e-01,9.308395385742187500e-01,1.254074275493621826e-01,5.781462788581848145e-01,-5.691067695617676447e-01,2.317007446289062500e+01,-9.868073731660842451e-01,2.500000000000000000e+00
7.919999999999999929e+00,-7.111565470695495605e-01,9.308333396911621094e-01,1.253965348005294800e-01,5.782018303871154785e-01,-5.689252376556396262e-01,2.317000007629394531e+01,-9.868258908390998840e-01,2.500000000000000000e+00
7.940000000000000391e+00,-7.112249135971069336e-01,9.308561682701110840e-01,1.253553032875061035e-01,5.782037377357482910e-01,-5.689799308776856135e-01,2.317027401924133301e+01,-9.868959844112396018e-01,2.500000000000000000e+00
7.959999999999999964e+00,-7.114562392234802246e-01,9.308140873908996582e-01,1.254116892814636230e-01,5.781399607658386230e-01,-5.691649913787841797e-01,2.316976904869079590e+01,-9.868001282215117520e-01,2.500000000000000000e+00
7.980000000000000426e+00,-7.114338278770446777e-01,9.308071732521057129e-01,1.253587603569030762e-01,5.781850814819335938e-01,-5.691470623016358088e-01,2.316968607902526855e+01,-9.868901073932647705e-01,2.500000000000000000e+00
