time_s,x_m,y_m,z_m,roll_rad,pitch_rad,yaw_rad,vx_mps,vy_mps,vz_mps,omega_world_x_radps,omega_world_y_radps,omega_world_z_radps,omega_body_x_radps,omega_body_y_radps,omega_body_z_radps,rear_velocity_radps,rear_target_radps,reward,cumulative_reward,done
2.000000000000000042e-02,1.539716005325317383e+00,4.148809239268302917e-06,1.483749598264694214e-01,2.215153364065747255e-05,7.662224578143916887e-03,4.882691812421782989e-05,1.986605883235239567e+00,2.907907005033941411e-04,-1.752596545986745136e-01,1.539057237096130848e-03,3.735399246215820312e-01,2.975897397845983505e-03,1.534448553545090729e-03,3.735399151203154244e-01,2.979467795234080809e-03,2.250921249389648438e+00,1.191439723968505859e+01,6.650293350219726562e+00,6.650293350219726562e+00,0.000000000000000000e+00
4.000000000000000083e-02,1.579533338546752930e+00,5.842710379511117935e-06,1.426760256290435791e-01,3.022955212352321594e-05,1.301535941379339256e-02,1.059795575972401426e-05,1.993165360602534575e+00,1.395682005777500634e-04,-3.806038063011111805e-01,6.827065953984856606e-04,2.165147960186004639e-01,-1.711375778540968895e-03,7.072167329324011717e-04,2.165147372119822222e-01,-1.708860686502323934e-03,3.873864173889160156e+00,9.229369163513183594e+00,6.413955211639404297e+00,1.306424856185913086e+01,0.000000000000000000e+00
5.999999999999999778e-02,1.619453907012939453e+00,6.115005817264318466e-06,1.329308152198791504e-01,3.173255024097925900e-05,1.598634255282327388e-02,1.019303998700199303e-05,1.997604207541299859e+00,7.912989662025812256e-05,-5.815271923479687910e-01,3.951762919314205647e-04,1.165554970502853394e-01,-5.895300419069826603e-04,4.057377275489353042e-04,1.165554744536603932e-01,-5.868171688443858496e-04,5.256245613098144531e+00,9.953527450561523438e+00,6.559243679046630859e+00,1.962349224090576172e+01,0.000000000000000000e+00
8.000000000000000167e-02,1.660295963287353516e+00,2.747948165051639080e-04,1.199869066476821899e-01,1.071352020874817741e-03,6.830160998981149589e-03,9.633886597942321883e-04,2.272775058790080127e+00,9.157355849411805138e-02,-4.950370212291438365e-01,3.560962080955505371e-01,-3.045003175735473633e+00,3.241628706455230713e-01,3.509402167117653404e-01,-3.044993205326730568e+00,3.298298958139432302e-01,9.644643783569335938e+00,1.162267303466796875e+01,3.630432605743408203e+00,2.325392484664916992e+01,0.000000000000000000e+00
1.000000000000000056e-01,1.701703548431396484e+00,1.009980915114283562e-03,1.196254789829254150e-01,3.876676210362620459e-03,-5.080929891133401100e-03,8.222556025037040806e-03,1.995552721415016606e+00,3.385703536989324164e-02,5.493872265180124725e-03,1.267370730638504028e-01,-4.015166163444519043e-01,3.232148289680480957e-01,1.250719646246576389e-01,-4.012915604609200715e-01,3.241416229398843551e-01,2.760980224609375000e+01,8.189655303955078125e+00,6.135729789733886719e+00,2.938965463638305664e+01,0.000000000000000000e+00
1.199999999999999956e-01,1.740360260009765625e+00,1.724631874822080135e-03,1.193971782922744751e-01,6.493346679177369393e-03,-2.948886003417028334e-03,1.430268091076503274e-02,1.855093856684305154e+00,4.154410248817447249e-02,2.703622765140779871e-03,1.479534506797790527e-01,6.017951965332031250e-01,2.695913016796112061e-01,1.573396211876400552e-01,6.013524764981142967e-01,2.652293247246853558e-01,2.591861152648925781e+01,9.123437881469726562e+00,5.887286663055419922e+00,3.527694129943847656e+01,0.000000000000000000e+00
1.400000000000000133e-01,1.777430534362792969e+00,2.227869350463151932e-03,1.191096007823944092e-01,8.378077201803014670e-03,2.490739148603982045e-04,1.877445581019121512e-02,1.855457693492738258e+00,-2.988402484333895284e-03,-1.712458541543779994e-02,-1.179766189306974411e-02,-5.083601176738739014e-02,2.811311185359954834e-01,-1.281996715370166406e-02,-4.824851098792904552e-02,2.815420401245306015e-01,2.387660026550292969e+01,1.207425880432128906e+01,6.162386894226074219e+00,4.143932819366455078e+01,0.000000000000000000e+00
1.600000000000000033e-01,1.814344644546508789e+00,2.457151189446449280e-03,1.190456598997116089e-01,9.271582807914452787e-03,4.272671505545222459e-04,1.984691731875598553e-02,1.823354904503498020e+00,1.070203178027321136e-02,1.825029077415710188e-02,4.047673195600509644e-02,2.670144140720367432e-01,-1.016677170991897583e-01,4.581126051887241674e-02,2.652046762037795768e-01,-1.041114594151513750e-01,2.518175888061523438e+01,1.295716953277587891e+01,6.068970203399658203e+00,4.750829839706420898e+01,0.000000000000000000e+00
1.799999999999999933e-01,1.851217508316040039e+00,2.713834866881370544e-03,1.192353069782257080e-01,1.036062555511036917e-02,-2.196945928698124106e-03,1.437336074206600756e-02,1.796954238422040495e+00,-3.034522383258474870e-03,6.126024456178916222e-02,-6.529652047902345657e-03,6.041263341903686523e-01,-3.148885965347290039e-01,1.462251322078614996e-03,6.008629295290349726e-01,-3.211350089676117125e-01,2.461671829223632812e+01,1.392670059204101562e+01,6.140357017517089844e+00,5.364865541458129883e+01,0.000000000000000000e+00
2.000000000000000111e-01,1.886943101882934570e+00,2.536366693675518036e-03,1.190748214721679688e-01,9.961747871782864611e-03,5.407105392385425091e-04,8.018550652161303416e-03,1.795761355844464946e+00,-1.493826808533746560e-02,4.134558408986157424e-02,-3.871862590312957764e-02,-2.195639163255691528e-01,-3.201692998409271240e-01,-4.030482185525049998e-02,-2.224251258876519255e-01,-3.179912115354074920e-01,2.495328330993652344e+01,1.280497169494628906e+01,6.178320884704589844e+00,5.982697629928588867e+01,0.000000000000000000e+00
2.200000000000000011e-01,1.922458291053771973e+00,2.163540571928024292e-03,1.188534945249557495e-01,8.908624231484196798e-03,8.213717646139429007e-04,1.650044873132681424e-03,1.776880111648097893e+00,-2.780388288019977963e-02,1.407510334944784836e-01,-8.238917589187622070e-02,7.290454208850860596e-02,-3.170117735862731934e-01,-8.200835578025045258e-02,7.021278782670264951e-02,-3.177173384652063337e-01,2.608743286132812500e+01,1.472235012054443359e+01,6.159070968627929688e+00,6.598604726791381836e+01,0.000000000000000000e+00
2.399999999999999911e-01,1.957937836647033691e+00,1.581947319209575653e-03,1.191048175096511841e-01,7.157070186310350579e-03,-4.860109817497182405e-04,-4.574819292732384274e-03,1.740193328165339004e+00,-3.783316307396761280e-02,-4.682024968827229461e-02,-1.198935359716415405e-01,1.576793044805526733e-01,-2.804714441299438477e-01,-1.207499311093072902e-01,1.551182238586962248e-01,-2.815301844662687070e-01,2.418006515502929688e+01,1.610838890075683594e+01,6.229590892791748047e+00,7.221563816070556641e+01,0.000000000000000000e+00
2.600000000000000089e-01,1.992784976959228516e+00,8.826362318359315395e-04,1.189112514257431030e-01,4.994481234169420233e-03,5.824918275154633562e-04,-1.059572300926476564e-02,1.714916334272381881e+00,-3.895297951937324449e-02,6.315707881952258018e-02,-1.169441863894462585e-01,5.239948630332946777e-01,-3.056721091270446777e-01,-1.223115500906744452e-01,5.211928209997178651e-01,-3.083503292790839567e-01,2.306188964843750000e+01,1.551598548889160156e+01,6.219926834106445312e+00,7.843556499481201172e+01,0.000000000000000000e+00
2.800000000000000266e-01,2.027119159698486328e+00,2.148968633264303207e-04,1.189397722482681274e-01,2.943834153903833462e-03,1.233559362010749894e-03,-1.532990329813974442e-02,1.691828757701682395e+00,-2.089810151378932931e-02,-1.866602146152111785e-02,-5.517203360795974731e-02,9.934349358081817627e-02,-5.614070594310760498e-02,-5.661912135205725283e-02,9.832017067258656817e-02,-5.650027441796048183e-02,2.293815612792968750e+01,1.387868404388427734e+01,6.258238792419433594e+00,8.469380378723144531e+01,0.000000000000000000e+00
2.999999999999999889e-01,2.061317920684814453e+00,-4.610128235071897507e-04,1.189490407705307007e-01,8.381211264628825319e-04,8.968107239510914042e-04,-1.797567483185455797e-02,1.705694347103353214e+00,-3.477593564597089570e-02,-3.942245214100786183e-02,-1.094719395041465759e-01,5.623541306704282761e-03,-1.381519287824630737e-01,-1.094313947618283100e-01,3.539035145101339201e-03,-1.382531383103657863e-01,2.309184646606445312e+01,1.469282054901123047e+01,6.390693187713623047e+00,9.108449697494506836e+01,0.000000000000000000e+00
3.200000000000000067e-01,2.095788955688476562e+00,-1.228365581482648849e-03,1.194103062152862549e-01,-1.641197633208012555e-03,-2.770657550479338482e-03,-1.940899209273160703e-02,1.712585326399501451e+00,-3.384392899065351984e-02,8.362046711831654100e-03,-1.086204200983047485e-01,-3.154213353991508484e-02,-6.084337085485458374e-02,-1.081559604557336268e-01,-3.354486329939074252e-02,-6.059907583194964337e-02,2.418962669372558594e+01,1.504811859130859375e+01,6.345635414123535156e+00,9.743013238906860352e+01,0.000000000000000000e+00
3.400000000000000244e-01,2.129215717315673828e+00,-1.777341356500983238e-03,1.190312057733535767e-01,-3.411328366231954415e-03,1.528203015876972160e-04,-2.036417909665150933e-02,1.691167483767861635e+00,-1.890888619086237427e-02,1.559187620157771390e-02,-6.238207593560218811e-02,-2.249629050493240356e-01,-2.571011520922183990e-02,-5.778434350433720584e-02,-2.260974809085287696e-01,-2.649039152085326879e-02,2.345320701599121094e+01,1.416390132904052734e+01,6.290811061859130859e+00,1.037209434509277344e+02,0.000000000000000000e+00
3.599999999999999867e-01,2.162506580352783203e+00,-2.203317591920495033e-03,1.190523430705070496e-01,-4.839821697260584567e-03,1.570221800200055640e-04,-1.985884024397131103e-02,1.640914701118719732e+00,-1.677179573356862158e-02,2.683966605786135273e-02,-5.359982326626777649e-02,2.855039834976196289e-01,7.807823270559310913e-02,-5.927091905766982555e-02,2.840021584912354458e-01,7.944437170744865495e-02,2.263954544067382812e+01,1.319438076019287109e+01,6.117207050323486328e+00,1.098381505012512207e+02,0.000000000000000000e+00
3.800000000000000044e-01,2.195642232894897461e+00,-2.474530134350061417e-03,1.190798655152320862e-01,-5.815488604301624100e-03,-3.239058109749670678e-04,-1.776230809927496768e-02,1.652796968661930155e+00,-1.099687526383279039e-02,-2.205442250020911085e-02,-4.198394343256950378e-02,-2.197132445871829987e-02,1.228252202272415161e-01,-4.154729375133479896e-02,-2.342752996079536243e-02,1.227045172370038739e-01,2.297732543945312500e+01,1.296417522430419922e+01,6.174625396728515625e+00,1.160127758979797363e+02,0.000000000000000000e+00
4.000000000000000222e-01,2.228163957595825195e+00,-2.584063448011875153e-03,1.188328713178634644e-01,-6.336467811151652064e-03,1.291380386867713170e-03,-1.483314812606086400e-02,1.520713372169991251e+00,8.242482993099880736e-03,3.913832823946224171e-02,3.350238502025604248e-02,1.122982025146484375e+00,1.375720500946044922e-01,1.666427971402497168e-02,1.122461010625949607e+00,1.447089802934209968e-01,2.777604103088378906e+01,1.237987995147705078e+01,5.430504798889160156e+00,1.214432806968688965e+02,0.000000000000000000e+00
4.199999999999999845e-01,2.260805845260620117e+00,-2.569741336628794670e-03,1.190276741981506348e-01,-6.543880826617482112e-03,-2.321494297270465523e-04,-9.686990766602352268e-03,1.557674371576703631e+00,1.244116702416690583e-02,4.410637925198846593e-03,3.730042278766632080e-02,7.868550419807434082e-01,2.264677137136459351e-01,2.972910793958234363e-02,7.856806706836050314e-01,2.316071411693073900e-01,2.115539741516113281e+01,1.233982753753662109e+01,5.663746833801269531e+00,1.271070275306701660e+02,0.000000000000000000e+00
4.400000000000000022e-01,2.292998790740966797e+00,-2.278094412758946419e-03,1.192461252212524414e-01,-5.852695183825524020e-03,-1.660120070887449728e-03,-4.450553455208013098e-03,1.597088524590242864e+00,1.768181865380341611e-02,1.371363675510968612e-02,4.299483820796012878e-02,5.649257078766822815e-02,2.583381235599517822e-01,4.317180323122212643e-02,5.517084240178024568e-02,2.585941343218129407e-01,2.270500946044921875e+01,1.113345718383789062e+01,6.094638824462890625e+00,1.332016663551330566e+02,0.000000000000000000e+00
4.600000000000000200e-01,2.324290752410888672e+00,-1.915304223075509071e-03,1.189601868391036987e-01,-5.014109116638593849e-03,1.248564077682257079e-03,7.932052986416872863e-04,1.557909086733221482e+00,2.379863632499146925e-02,-9.278411895760575387e-03,6.040024757385253906e-02,3.171537071466445923e-02,2.775643169879913330e-01,6.007878152583615711e-02,3.027494372316474891e-02,2.777948388730278051e-01,2.103528404235839844e+01,1.000994110107421875e+01,6.086012363433837891e+00,1.392876787185668945e+02,0.000000000000000000e+00
4.799999999999999822e-01,2.355533361434936523e+00,-1.020552823320031166e-03,1.191276758909225464e-01,-2.284058364498898347e-03,6.429334703139666374e-05,1.102018626305396876e-02,1.581234947638049393e+00,6.678853934057751851e-02,4.084305445792417444e-02,2.188823819160461426e-01,-2.592432796955108643e-01,6.493006348609924316e-01,2.159704934577370838e-01,-2.631220023127827656e-01,6.487152283290011923e-01,2.258073043823242188e+01,1.123093605041503906e+01,6.192406177520751953e+00,1.454800848960876465e+02,0.000000000000000000e+00
5.000000000000000000e-01,2.386605739593505859e+00,3.695029881782829762e-04,1.190200895071029663e-01,2.244751804878448304e-03,-7.715188699961572638e-04,2.379283883235219776e-02,1.481324536274024606e+00,7.205802190508527050e-02,3.708572621788119167e-02,2.259539812803268433e-01,7.215915322303771973e-01,6.178529262542724609e-01,2.435337321305051372e-01,7.173964162293031688e-01,6.160563958112286187e-01,2.016777229309082031e+01,1.219708442687988281e+01,6.055644512176513672e+00,1.515357294082641602e+02,0.000000000000000000e+00
5.200000000000000178e-01,2.417089939117431641e+00,1.101395813748240471e-03,1.189844012260437012e-01,4.368700235160101128e-03,6.815005853864075647e-04,2.595917659898557689e-02,1.528591300068322667e+00,6.140976424613786566e-02,6.819174697856451861e-02,2.040435373783111572e-01,-8.915635943412780762e-02,9.079351276159286499e-02,2.015987025218230477e-01,-9.402437843443259280e-02,9.134255817814229683e-02,2.094069671630859375e+01,1.115545558929443359e+01,6.092130661010742188e+00,1.576278600692749023e+02,0.000000000000000000e+00
5.400000000000000355e-01,2.447368860244750977e+00,2.155469264835119247e-03,1.189840584993362427e-01,7.769179503392543984e-03,8.002252088965544630e-04,2.795536382432779743e-02,1.509794808127046473e+00,5.243111469884038228e-02,2.562673577684291409e-02,1.716776043176651001e-01,-7.941599935293197632e-03,4.721320420503616333e-02,1.713507079922141074e-01,-1.236892776364806844e-02,4.744786593342331660e-02,1.986093330383300781e+01,1.268894100189208984e+01,5.879271507263183594e+00,1.635071315765380859e+02,0.000000000000000000e+00
5.600000000000000533e-01,2.477375030517578125e+00,2.966932021081447601e-03,1.189720109105110168e-01,1.033943153640617604e-02,9.141023959966521062e-04,2.889089586074422220e-02,1.479504332790294807e+00,3.214124692498421948e-02,-5.681769462760999367e-03,9.842941910028457642e-02,1.029074266552925110e-01,-8.333875238895416260e-02,1.014371551944479588e-01,9.915511563354104108e-02,-8.427575715908980358e-02,2.085977745056152344e+01,1.428246879577636719e+01,5.820790290832519531e+00,1.693279218673706055e+02,0.000000000000000000e+00
5.799999999999999600e-01,2.507062911987304688e+00,3.519772086292505264e-03,1.188887208700180054e-01,1.205046612688730548e-02,9.558404056073666055e-04,2.981957563445928813e-02,1.482940861781842479e+00,3.800087977837848102e-02,-3.892881897309589945e-02,1.275184750556945801e-01,-2.052625454962253571e-02,8.111576735973358154e-02,1.267721989350152345e-01,-2.333842699747912253e-02,8.152412969905532825e-02,2.025374984741210938e+01,1.316582012176513672e+01,7.466689944267272949e-01,1.700745908617973328e+02,0.000000000000000000e+00
5.999999999999999778e-01,2.536855936050415039e+00,4.128518514335155487e-03,1.188195198774337769e-01,1.407514808925431141e-02,3.365250408395858983e-04,2.948189285114593758e-02,1.539868724146947754e+00,2.667322275889747255e-02,-7.128712503289513086e-03,9.760297834873199463e-02,-5.085614919662475586e-01,-4.371289536356925964e-02,8.258408633661393217e-02,-5.117818117123635879e-01,-3.648555329034817996e-02,2.091111564636230469e+01,1.896923255920410156e+01,-7.435550689697265625e-01,1.693310357928276062e+02,0.000000000000000000e+00
6.199999999999999956e-01,2.567320585250854492e+00,4.682948347181081772e-03,1.188762038946151733e-01,1.588986727720721054e-02,5.542827549012141475e-04,2.840397708806785548e-02,1.510552104173400467e+00,2.225203206723764399e-02,1.020803084544970041e-01,5.862713977694511414e-02,6.338273286819458008e-01,4.304293170571327209e-02,7.658041809957379098e-02,6.325114639044804310e-01,3.303945619172880821e-02,2.750798988342285156e+01,2.049517059326171875e+01,-3.947795152664184570e+00,1.653832406401634216e+02,0.000000000000000000e+00
6.400000000000000133e-01,2.599596500396728516e+00,5.136928521096706390e-03,1.188291236758232117e-01,1.719573330495383773e-02,1.710261792637224332e-03,2.686260804639446081e-02,1.673136496762918979e+00,2.352441235507499173e-02,-5.725541278178785526e-02,5.637519434094429016e-02,2.539552152156829834e-01,-1.267301142215728760e-01,6.339258356459899491e-02,2.501348342066785913e-01,-1.309422803690188097e-01,2.315507125854492188e+01,2.010933876037597656e+01,-7.677502632141113281e+00,1.577057380080223083e+02,0.000000000000000000e+00
6.600000000000000311e-01,2.634757280349731445e+00,5.541415419429540634e-03,1.189573183655738831e-01,1.830020911461302524e-02,1.010836249301982903e-03,2.338223578820136650e-02,1.904653781319458616e+00,1.489062844878908179e-02,2.593617067328298290e-02,4.166227579116821289e-02,-1.829629987478256226e-01,-2.071273624897003174e-01,3.758254587818725401e-02,-1.876458322561184167e-01,-2.036898188645140939e-01,2.616079902648925781e+01,1.849531364440917969e+01,-1.102474975585937500e+01,1.466809882521629333e+02,0.000000000000000000e+00
6.800000000000000488e-01,2.670430660247802734e+00,5.679406691342592239e-03,1.188239306211471558e-01,1.895690379229378678e-02,1.389395867245069027e-03,1.865749411718447756e-02,1.815393692157418304e+00,1.791646810763823303e-03,5.778718792052008058e-02,4.411260038614273071e-02,-7.775580883026123047e-01,-2.591836750507354736e-01,2.995855900356223997e-02,-7.830181490635605979e-01,-2.443434930378780845e-01,2.718391990661621094e+01,1.796526718139648438e+01,-1.652459526062011719e+01,1.301563929915428162e+02,0.000000000000000000e+00
7.000000000000000666e-01,2.702613830566406250e+00,5.371048115193843842e-03,1.189405247569084167e-01,1.924960699100605743e-02,-1.388794926726388823e-03,1.178907381388348899e-02,1.392140743604606712e+00,-2.821575499717341243e-02,2.467372177757080204e-02,-2.925197593867778778e-03,1.013239145278930664e+00,-3.794266283512115479e-01,8.492925756101006585e-03,1.005711908939815213e+00,-3.988710506382283638e-01,1.824411010742187500e+01,1.923014450073242188e+01,-3.415664672851562500e+01,9.599974626302719116e+01,0.000000000000000000e+00
7.199999999999999734e-01,2.727610111236572266e+00,5.223059095442295074e-03,1.192484870553016663e-01,1.983898382406897032e-02,1.731576468334550256e-03,8.756110043984272062e-03,1.054537059893607687e+00,-1.255628933593239127e-02,2.397686884584586120e-01,2.411582507193088531e-02,3.470005989074707031e-01,-1.190299168229103088e-01,2.735930580102609311e-02,3.443475565168695463e-01,-1.258385412616485344e-01,1.646420669555664062e+01,1.575794029235839844e+01,-2.651415252685546875e+01,6.948559373617172241e+01,0.000000000000000000e+00
7.399999999999999911e-01,2.742596864700317383e+00,4.216391593217849731e-03,1.530772745609283447e-01,2.001091758896379053e-02,1.712304162442148669e-01,1.426844626905140849e-02,5.568122446083443311e-01,-8.332864183229790611e-02,2.902275873901987602e+00,-1.945922225713729858e-01,1.516999340057373047e+01,5.844913125038146973e-01,-7.804172836193898344e-02,1.517978715153051361e+01,2.759846441228277492e-01,4.670422554016113281e+00,2.210403442382812500e+01,-1.272506713867187500e+01,5.676052659749984741e+01,0.000000000000000000e+00
7.600000000000000089e-01,2.760476350784301758e+00,2.471003215759992599e-03,2.182702422142028809e-01,2.120939400610623304e-02,4.037007825072953526e-01,2.111766483130055744e-02,1.239332420777007560e+00,-7.688115570901356277e-02,3.121920562585705827e+00,-5.761374160647392273e-02,5.888759136199951172e+00,-1.190029643476009369e-02,6.605589788314575328e-02,5.887662247129873627e+00,-1.096129852343861455e-01,1.631105613708496094e+01,1.951707458496093750e+01,-2.078231239318847656e+01,3.597821420431137085e+01,0.000000000000000000e+00
7.800000000000000266e-01,2.788540840148925781e+00,1.103097689338028431e-03,2.745998799800872803e-01,2.215801792511533364e-02,4.218042468450728943e-01,1.662731452160688683e-02,1.421911246481407209e+00,-6.680582029886128481e-02,2.624541065299388354e+00,4.863421246409416199e-02,-1.205372452735900879e+00,-3.157717287540435791e-01,1.553599943344464995e-01,-1.211842187003004057e+00,-2.496028987753527717e-01,2.245214080810546875e+01,1.695591735839843750e+01,-3.453419446945190430e+00,3.252479475736618042e+01,0.000000000000000000e+00
8.000000000000000444e-01,2.820091485977172852e+00,-4.347581416368484497e-04,3.333389759063720703e-01,2.222769202137306332e-02,3.033303254157759810e-01,5.974798323275397685e-03,1.606122679278717769e+00,-8.900998095218537465e-02,3.163111381127630573e+00,4.069449007511138916e-02,-9.239289283752441406e+00,-6.296744942665100098e-01,1.742374336815235569e-01,-9.250537620616464451e+00,-3.997593343232018204e-01,2.680522918701171875e+01,1.006086826324462891e+01,-3.231752395629882812e+00,2.929304236173629761e+01,0.000000000000000000e+00
8.200000000000000622e-01,2.849104166030883789e+00,-2.129110507667064667e-03,3.868375122547149658e-01,2.220376178978364021e-02,1.883478940035352434e-01,-2.908505929170912552e-03,1.326349951732697763e+00,-7.826225563226028858e-02,2.266973253801115362e+00,7.097275927662849426e-03,-2.060498476028442383e+00,-2.750044167041778564e-01,6.434950721820846542e-02,-2.065904462384664519e+00,-2.218775866730037238e-01,1.702761077880859375e+01,1.102229690551757812e+01,4.130114746093750000e+01,7.059418982267379761e+01,0.000000000000000000e+00
8.399999999999999689e-01,2.873495817184448242e+00,-3.479054663330316544e-03,4.224582612514495850e-01,2.271756770034591422e-02,2.227404562461752224e-01,-4.928379202486505087e-03,1.151143568188709887e+00,-5.860232030105457651e-02,1.386561785003202818e+00,5.747554451227188110e-02,4.218231201171875000e+00,8.187434636056423187e-03,3.397095936392614812e-02,4.217740207258272811e+00,-7.973993252859228054e-02,9.842787742614746094e+00,8.884243011474609375e+00,4.999447631835937500e+01,1.205886661410331726e+02,0.000000000000000000e+00
8.599999999999999867e-01,2.896736383438110352e+00,-4.683347884565591812e-03,4.497720599174499512e-01,2.353877295881489848e-02,2.985899953535116058e-01,-4.945135265513524170e-03,1.177355159435357290e+00,-6.159256934357035945e-02,1.336708625227437830e+00,5.764332786202430725e-02,3.253455400466918945e+00,-4.070531949400901794e-02,5.168964467030026655e-02,3.252171358901124076e+00,-1.032538235928996823e-01,1.007391071319580078e+01,6.854451179504394531e+00,5.000000000000000000e+01,1.705886661410331726e+02,0.000000000000000000e+00
8.800000000000000044e-01,2.920603036880493164e+00,-5.933581851422786713e-03,4.754183590412139893e-01,2.443361342018521981e-02,3.520346610373021878e-01,-6.146520290528969740e-03,1.206626175949704116e+00,-6.292852617486523192e-02,1.218639278180512431e+00,5.630395561456680298e-02,2.200257778167724609e+00,-9.863956272602081299e-02,7.416729114627643171e-02,2.198003733614982469e+00,-1.315788321836685593e-01,1.041816711425781250e+01,7.353621006011962891e+00,5.000000000000000000e+01,2.205886661410331726e+02,0.000000000000000000e+00
9.000000000000000222e-01,2.944003343582153320e+00,-7.108429446816444397e-03,4.953714907169342041e-01,2.563190721744523087e-02,4.183426616050249791e-01,-6.727776200706870810e-03,1.165687913649359420e+00,-5.926548160545835192e-02,9.509310413219854707e-01,8.422871679067611694e-02,3.424404859542846680e+00,-5.316274985671043396e-02,7.750887044188747854e-02,3.423161083063010146e+00,-1.114897805670736763e-01,8.599611282348632812e+00,6.500605583190917969e+00,5.000000000000000000e+01,2.705886661410331726e+02,0.000000000000000000e+00
9.200000000000000400e-01,2.967127323150634766e+00,-8.277416229248046875e-03,5.125279426574707031e-01,2.717368937103599447e-02,4.899869686755140563e-01,-7.095882692983937132e-03,1.163956846835479730e+00,-5.939463512736409961e-02,8.245241825321283358e-01,9.566853940486907959e-02,3.291085481643676758e+00,-7.342932373285293579e-02,9.836162620348734564e-02,3.289630540152787219e+00,-1.201827037730802406e-01,8.284910202026367188e+00,6.349081039428710938e+00,5.000000000000000000e+01,3.205886661410331726e+02,0.000000000000000000e+00
9.400000000000000577e-01,2.990993261337280273e+00,-9.486099705100059509e-03,5.281483530998229980e-01,2.874677372851514728e-02,5.384109486056485316e-01,-8.733792076922436073e-03,1.208851123599865574e+00,-6.037052421203689678e-02,6.960587231590336099e-01,8.215545862913131714e-02,1.877741217613220215e+00,-1.495032310485839844e-01,1.331114679865805228e-01,1.874890941517512566e+00,-1.485870462259083480e-01,9.145746231079101562e+00,6.589910507202148438e+00,5.000000000000000000e+01,3.705886661410331726e+02,0.000000000000000000e+00
9.599999999999999645e-01,3.015346527099609375e+00,-1.068714354187250137e-02,5.400555133819580078e-01,3.027231736314596466e-02,5.696012498001792324e-01,-1.129172168137055655e-02,1.225336259439756104e+00,-5.976396517645282680e-02,5.037764376497798624e-01,7.861784845590591431e-02,1.293786168098449707e+00,-1.829042136669158936e-01,1.525384252668514073e-01,1.290380980589731275e+00,-1.586389611199336414e-01,9.117625236511230469e+00,6.606390953063964844e+00,4.951661682128906250e+01,4.201052829623222351e+02,0.000000000000000000e+00
9.799999999999999822e-01,3.040040969848632812e+00,-1.187477819621562958e-02,5.480848550796508789e-01,3.176740925843810071e-02,5.893576067341896874e-01,-1.447301740762152109e-02,1.240536088597938624e+00,-5.924736481454440096e-02,3.042254427644380810e-01,7.209465652704238892e-02,7.787411808967590332e-01,-2.117722630500793457e-01,1.682656159236944060e-01,7.747917124071118655e-01,-1.669354444228609569e-01,9.035433769226074219e+00,6.633513450622558594e+00,4.802550506591796875e+01,4.681307880282402039e+02,0.000000000000000000e+00
1.000000000000000000e+00,3.065253734588623047e+00,-1.306748203933238983e-02,5.522704124450683594e-01,3.307482022534427579e-02,5.938956644669084461e-01,-1.855123240453602704e-02,1.265518069905784637e+00,-5.934509953161314771e-02,1.016203562845790220e-01,5.131502822041511536e-02,8.127399487420916557e-04,-2.511914670467376709e-01,1.830735908910018361e-01,-4.171549711488547856e-03,-1.794371875500094526e-01,9.230217933654785156e+00,6.864882469177246094e+00,4.742628860473632812e+01,5.155570766329765320e+02,0.000000000000000000e+00
1.020000000000000018e+00,3.090801000595092773e+00,-1.426386646926403046e-02,5.523191094398498535e-01,3.419325127036835360e-02,5.869889665712206828e-01,-2.331001883385454623e-02,1.278762253164123175e+00,-5.961503739215654601e-02,-1.007765644927327842e-01,3.497110679745674133e-02,-4.431290030479431152e-01,-2.732707262039184570e-01,1.890617889577864141e-01,-4.488559219278191459e-01,-1.872089280972707159e-01,9.128554344177246094e+00,7.024923324584960938e+00,5.000000000000000000e+01,5.655570766329765320e+02,0.000000000000000000e+00
1.040000000000000036e+00,3.116504907608032227e+00,-1.546818017959594727e-02,5.483582615852355957e-01,3.520907488109045053e-02,5.744640262568490030e-01,-2.841330096528229404e-02,1.284275653940462947e+00,-6.008273316382996276e-02,-2.970667931380873705e-01,2.453758008778095245e-02,-6.388921141624450684e-01,-2.827973961830139160e-01,1.894955509298175134e-01,-6.450824457656221256e-01,-1.916237668095059909e-01,8.851655960083007812e+00,7.098498821258544922e+00,4.837023925781250000e+01,6.139273158907890320e+02,0.000000000000000000e+00
1.060000000000000053e+00,3.142334938049316406e+00,-1.668830029666423798e-02,5.405940413475036621e-01,3.614466697249163474e-02,5.576874828459592592e-01,-3.377159654204378580e-02,1.290045602315943896e+00,-6.096344509001896950e-02,-4.872060165424803024e-01,1.144381053745746613e-02,-8.365820050239562988e-01,-2.915571928024291992e-01,1.879711565523234096e-01,-8.433533319064473455e-01,-1.960306365623195046e-01,8.653116226196289062e+00,7.195894241333007812e+00,4.973574066162109375e+01,6.636630565524101257e+02,0.000000000000000000e+00
1.080000000000000071e+00,3.168269395828247070e+00,-1.793132163584232330e-02,5.290852189064025879e-01,3.699613605228347507e-02,5.370541105323711761e-01,-3.936306837110118556e-02,1.294557804886898644e+00,-6.209858574855633973e-02,-6.741960908030594224e-01,-2.764851553365588188e-03,-1.007392406463623047e+00,-2.979645729064941406e-01,1.841297437939781734e-01,-1.014803552938155606e+00,-1.997497887520572890e-01,8.491489410400390625e+00,7.290366649627685547e+00,5.000000000000000000e+01,7.136630565524101257e+02,0.000000000000000000e+00
1.100000000000000089e+00,3.194284677505493164e+00,-1.919959299266338348e-02,5.139154791831970215e-01,3.777529287222479437e-02,5.129142280911676011e-01,-4.512147068519901938e-02,1.298278615348636533e+00,-6.352484362104442173e-02,-8.571506530201726815e-01,-1.849234290421009064e-02,-1.165910005569458008e+00,-3.028013408184051514e-01,1.783163010930241821e-01,-1.174057809997947066e+00,-2.028997668352799377e-01,8.367280960083007812e+00,7.365297317504882812e+00,5.000000000000000000e+01,7.636630565524101257e+02,0.000000000000000000e+00
1.120000000000000107e+00,3.220403432846069336e+00,-2.050757035613059998e-02,4.952582418918609619e-01,3.845634087030230103e-02,4.843636718895356630e-01,-5.109735065805615789e-02,1.303113008746570101e+00,-6.552300325551625726e-02,-1.032058275970518357e+00,-4.043502733111381531e-02,-1.384645938873291016e+00,-3.095943331718444824e-01,1.710100381551052928e-01,-1.393870620558391282e+00,-2.064177284053850536e-01,8.337918281555175781e+00,7.463844299316406250e+00,5.000000000000000000e+01,8.136630565524101257e+02,0.000000000000000000e+00
1.140000000000000124e+00,3.246641635894775391e+00,-2.187041006982326508e-02,4.733379781246185303e-01,3.901715851758122411e-02,4.499774222570529503e-01,-5.735062739256931164e-02,1.308697024554201782e+00,-6.829583630612959255e-02,-1.195027340221098244e+00,-7.030733674764633179e-02,-1.672011613845825195e+00,-3.185578882694244385e-01,1.616488961617971176e-01,-1.682773147818295678e+00,-2.102124020269032778e-01,8.399005889892578125e+00,7.607759475708007812e+00,5.000000000000000000e+01,8.636630565524101257e+02,0.000000000000000000e+00
1.159999999999999920e+00,3.273002862930297852e+00,-2.330842427909374237e-02,4.485049247741699219e-01,3.944367999865126817e-02,4.081738960945575645e-01,-6.393685729742441815e-02,1.314426723393111285e+00,-7.215812858499873195e-02,-1.338975477811793269e+00,-1.100569292902946472e-01,-2.036782026290893555e+00,-3.298123180866241455e-01,1.495502861192981037e-01,-2.049685169096474358e+00,-2.139979789056753456e-01,8.550054550170898438e+00,7.808318138122558594e+00,5.000000000000000000e+01,9.136630565524101257e+02,0.000000000000000000e+00
1.179999999999999938e+00,3.299477577209472656e+00,-2.485039085149765015e-02,4.213371276855468750e-01,3.973257094856029459e-02,3.568642547384910380e-01,-7.091712190449289688e-02,1.319617141393626181e+00,-7.767142285489064824e-02,-1.451126635099204476e+00,-1.637948900461196899e-01,-2.510924339294433594e+00,-3.446329534053802490e-01,1.340126763303505220e-01,-2.526858577682860485e+00,-2.176419242991903535e-01,8.817435264587402344e+00,8.098223686218261719e+00,4.926409912109375000e+01,9.629271556735038757e+02,0.000000000000000000e+00
1.199999999999999956e+00,3.326017856597900391e+00,-2.653968892991542816e-02,3.926990330219268799e-01,3.988941954717521721e-02,2.937871556481659319e-01,-7.834750061027598300e-02,1.321934297841411476e+00,-8.543072071044138793e-02,-1.514997582034281143e+00,-2.339725643396377563e-01,-3.099769830703735352e+00,-3.627547323703765869e-01,1.140013582162156119e-01,-3.119838982636183644e+00,-2.202625088623031968e-01,9.208001136779785156e+00,8.513107299804687500e+00,4.693084335327148438e+01,1.009857999026775360e+03,0.000000000000000000e+00
1.219999999999999973e+00,3.352504730224609375e+00,-2.842202596366405487e-02,3.637033104896545410e-01,3.996272848958663804e-02,2.176190259051780096e-01,-8.620104299070575904e-02,1.317220743944825578e+00,-9.566813100921668644e-02,-1.517325727715735928e+00,-3.174387514591217041e-01,-3.749872207641601562e+00,-3.808821141719818115e-01,8.866188683697412420e-02,-3.775075307785524803e+00,-2.198308664347985164e-01,9.683153152465820312e+00,9.070457458496093750e+00,4.380436325073242188e+01,1.053662362277507782e+03,0.000000000000000000e+00
1.239999999999999991e+00,3.378722429275512695e+00,-3.052688203752040863e-02,3.353169560432434082e-01,4.004010168023710431e-02,1.298943321858556654e-01,-9.429251582069403392e-02,1.301252128216978887e+00,-1.072178557049633524e-01,-1.472388700251162641e+00,-3.983318507671356201e-01,-4.297239303588867188e+00,-3.905040919780731201e-01,5.854902633957259628e-02,-4.327653297169064217e+00,-2.131109863722029651e-01,1.011050605773925781e+01,9.723118782043457031e+00,1.932427763938903809e+00,1.055594790041446686e+03,0.000000000000000000e+00
1.260000000000000009e+00,3.404450654983520508e+00,-3.284150362014770508e-02,3.076637089252471924e-01,4.020580820060348781e-02,3.580593953555322173e-02,-1.022950146909179236e-01,1.275582570349637734e+00,-1.173044494000164695e-01,-1.437469994269445106e+00,-4.532918035984039307e-01,-4.545347690582275391e+00,-3.829450607299804688e-01,2.693401915040022354e-02,-4.579547268259759996e+00,-1.983113295189552205e-01,1.031623649597167969e+01,1.028123283386230469e+01,1.145684361457824707e+00,1.056740474402904510e+03,0.000000000000000000e+00
1.280000000000000027e+00,3.429683685302734375e+00,-3.517744690179824829e-02,2.768482565879821777e-01,4.052353835763929796e-02,-4.766390641969531217e-02,-1.093192518997800622e-01,1.254428737655139070e+00,-1.142927929567055384e-01,-1.683967411989899299e+00,-3.871933519840240479e-01,-3.708645105361938477e+00,-3.194343149662017822e-01,4.495091272608886523e-03,-3.738653434714486412e+00,-1.686884115037126930e-01,9.599764823913574219e+00,1.049297428131103516e+01,-2.770179510116577148e-01,1.056463456451892853e+03,0.000000000000000000e+00
1.300000000000000044e+00,3.460943698883056641e+00,-3.400293737649917603e-02,2.503346502780914307e-01,5.105676287383137391e-02,-1.679230682825465504e-01,-9.809271550495435310e-02,1.747731756196325481e+00,9.084704177715591245e-02,-1.176144938048595545e+00,7.571545988321304321e-02,-6.339541912078857422e+00,8.708684444427490234e-01,8.319771695518728416e-01,-6.255558503791762703e+00,1.062891400087013327e+00,1.178467941284179688e+01,1.040904521942138672e+01,-8.798192977905273438e+00,1.047665263473987579e+03,0.000000000000000000e+00
1.320000000000000062e+00,3.499250888824462891e+00,-3.273257985711097717e-02,2.270713746547698975e-01,6.556152515482459309e-02,-3.039850271456769892e-01,-8.503628615725493389e-02,1.998680217154578553e+00,3.483897826631322109e-02,-1.244062402856547456e+00,9.488145262002944946e-02,-6.643905639648437500e+00,7.377219200134277344e-01,8.494429679892910867e-01,-6.564439245286197711e+00,9.387770283468992449e-01,1.174131488800048828e+01,1.065093803405761719e+01,-7.422939300537109375e+00,1.040242324173450470e+03,0.000000000000000000e+00
1.340000000000000080e+00,3.524241447448730469e+00,-3.221223503351211548e-02,2.109905332326889038e-01,8.789229914181961867e-02,-4.077425215923282664e-01,-1.080270560225434773e-01,1.175016677085418126e-01,9.778782481507927726e-02,-1.292533761818316140e+00,1.318001270294189453e+00,-1.713610053062438965e+00,-3.084150791168212891e+00,1.495232303224062476e-01,-1.856060463900603974e+00,-3.273874649869219500e+00,7.046900749206542969e+00,1.019107532501220703e+01,-6.980485916137695312e+00,1.033261838257312775e+03,0.000000000000000000e+00
1.360000000000000098e+00,3.517687320709228516e+00,-2.926809899508953094e-02,2.028187811374664307e-01,1.217303886550584885e-01,-4.481849261741044366e-01,-1.810497883937365604e-01,-1.377151454050587753e-01,1.577057875295938549e-01,-3.771977672895269751e-01,1.157394170761108398e+00,-3.450646638870239258e+00,-2.678346633911132812e+00,4.253917987678350610e-01,-3.547978217243172416e+00,-2.766036256405617344e+00,7.438772201538085938e+00,1.494777917861938477e+00,-1.020808506011962891e+01,1.023053753197193146e+03,0.000000000000000000e+00
1.380000000000000115e+00,3.510437250137329102e+00,-2.599594742059707642e-02,1.937877386808395386e-01,1.617336666282554458e-01,-4.898815318706315480e-01,-2.476502304064839843e-01,-1.533340197516854519e-01,1.888208063327283803e-01,-5.797632952851552446e-01,1.537005901336669922e+00,-2.786242961883544922e+00,-2.320287704467773438e+00,8.257699417425634625e-01,-2.788483143663839314e+00,-2.655510831405284211e+00,6.222822666168212891e+00,4.334596633911132812e+00,-1.560143280029296875e+01,1.007452320396900177e+03,0.000000000000000000e+00
1.400000000000000133e+00,3.504640579223632812e+00,-2.283948287367820740e-02,1.873718053102493286e-01,2.173457962318556813e-01,-5.479309906799882945e-01,-3.218756932783827240e-01,-2.975316341550573451e-01,1.468941242475506059e-01,-2.872727418745873451e-01,1.538453936576843262e+00,-3.892843008041381836e+00,-2.376830339431762695e+00,1.058846808279845675e+00,-3.870582371353326501e+00,-2.658538170843745885e+00,7.203822135925292969e+00,6.522204399108886719e+00,-1.434248256683349609e+01,9.931098378300666809e+02,0.000000000000000000e+00
1.419999999999999929e+00,3.497700691223144531e+00,-2.010013349354267120e-02,1.815290451049804688e-01,2.874955802225313550e-01,-6.148781482975265167e-01,-4.075142742934640405e-01,-3.870659544371313210e-01,1.288286225203020829e-01,-3.176526028581754257e-01,1.563928484916687012e+00,-4.320474147796630859e+00,-2.301355600357055664e+00,1.244015991896000539e+00,-4.257451564302182412e+00,-2.595214279502851884e+00,8.195235252380371094e+00,1.031779193878173828e+01,-1.768036270141601562e+01,9.754294751286506653e+02,0.000000000000000000e+00
1.439999999999999947e+00,3.490652084350585938e+00,-1.926056668162345886e-02,1.741116940975189209e-01,3.587730830651453262e-01,-6.669380373222757452e-01,-4.891975267372732361e-01,-3.740854785171905394e-01,-3.002270091256207252e-01,2.248679027787307549e-01,2.149378657341003418e-01,-5.032182693481445312e+00,-2.144312858581542969e+00,6.806371617910882410e-01,-5.210971966444939873e+00,-1.532854461810577273e+00,9.396687507629394531e+00,1.251053237915039062e+01,-2.037947845458984375e+01,9.550499966740608215e+02,0.000000000000000000e+00
1.459999999999999964e+00,3.487069129943847656e+00,-2.590228244662284851e-02,1.767045259475708008e-01,4.263497444223749433e-01,-7.345625245967043471e-01,-5.683998570220801794e-01,1.079992727583328760e-02,-3.796269589615164364e-01,5.303718335379728477e-02,6.984592080116271973e-01,-3.723717451095581055e+00,-1.527518153190612793e+00,9.005295810993485528e-01,-3.702535846657041496e+00,-1.472244343497885133e+00,1.159440422058105469e+01,1.127755260467529297e+01,-2.682707023620605469e+01,9.282229264378547668e+02,0.000000000000000000e+00
1.479999999999999982e+00,3.483588218688964844e+00,-3.388881310820579529e-02,1.797569096088409424e-01,5.065353477423081285e-01,-7.969218852007625697e-01,-6.568526359234655443e-01,-3.193519417360087265e-01,-4.132609447147591597e-01,2.067227487397020891e-01,4.883564412593841553e-01,-4.538414478302001953e+00,-1.704865336418151855e+00,9.878419711460604269e-01,-4.555852716343418152e+00,-1.417969700991357662e+00,1.220205783843994141e+01,1.104197978973388672e+01,-2.721679115295410156e+01,9.010061352849006653e+02,0.000000000000000000e+00
1.500000000000000000e+00,3.483179807662963867e+00,-4.192828387022018433e-02,1.777808964252471924e-01,5.878859043041116950e-01,-8.345104778383426458e-01,-7.385684743673387453e-01,1.298274942757301764e-01,-4.222439977929930977e-01,-6.267643152434029807e-02,1.521602034568786621e+00,-2.381199359893798828e+00,-6.689599752426147461e-01,1.336430920028836677e+00,-1.983015929398252775e+00,-1.647571185528192927e+00,8.776096343994140625e+00,1.095128822326660156e+01,-3.222845458984375000e+01,8.687776806950569153e+02,0.000000000000000000e+00
1.520000000000000018e+00,3.492327690124511719e+00,-5.195017904043197632e-02,1.750744134187698364e-01,6.544940777957960476e-01,-8.257399568396908140e-01,-7.897193514941701631e-01,6.452871366002759235e-01,-5.536560713067262274e-01,-1.530013442278828073e-01,2.418982267379760742e+00,-7.326710224151611328e-02,5.025476813316345215e-01,1.559380304581049481e+00,7.440193805154419193e-01,-1.767530955112958768e+00,8.950466156005859375e+00,1.133761882781982422e+01,-4.000000000000000000e+02,4.687776806950569153e+02,1.000000000000000000e+00
