seed,policy,episode_return,steps,end_code,apex,airborne_reset,speed_rmse,duration,max_z
2820701,original,-662.9826014950279,32,4,True,False,0.7074528171323403,0.64,0.8627822995185852
2820701,best,-332.24874954608924,35,3,False,False,0.5468699637246706,0.7000000000000001,0.14801481366157532
2820702,original,-704.4403080391041,30,4,True,False,0.6688229659164135,0.6,0.8472676873207092
2820702,best,-357.2518967821643,36,3,False,False,0.5936158184188315,0.72,0.14801481366157532
2820703,original,-661.4011890641584,32,4,True,False,0.724281192538208,0.64,0.8736889362335205
2820703,best,-335.56822705885213,34,3,False,False,0.5534551672871496,0.68,0.14801481366157532
2820704,original,-659.218707267697,32,4,True,False,0.7235666234017446,0.64,0.8738498091697693
2820704,best,-351.5204983396945,36,3,False,False,0.5874006996942052,0.72,0.14801481366157532
2820723,original,-122.27725620743223,9,4,True,True,0.4537139005806223,0.18,0.7367667555809021
2820723,best,771.2930289329452,113,3,True,True,0.7283345315315772,2.2600000000000002,0.8834968209266663
2820731,original,-138.53677545305123,9,4,True,True,0.539164400146267,0.18,0.7457073330879211
2820731,best,754.2066950935669,62,3,True,True,0.4179733756056024,1.24,0.8792856335639954
2820733,original,-189.3535571404102,9,4,False,True,0.5756387299508141,0.18,0.7972325682640076
2820733,best,718.7161024716636,67,3,True,True,0.4736430725438314,1.34,0.9797637462615967
2820760,original,-150.92222314580692,9,4,True,True,0.5732415209065195,0.18,0.7860684394836426
2820760,best,686.9758450578431,66,3,True,True,0.4199613547470323,1.32,0.9622899889945984
